2024-07-08 14:43:18,693 bbtmf-4ag171p4l JUnitStarter[93572] CONFIG [org.jun.pla.lau.cor.LauncherConfigurationParameters] (main) Loading JUnit Platform configuration parameters from classpath resource [jar:file:/home/wsl/.m2/repository/io/quarkus/quarkus-junit5-properties/3.10.0/quarkus-junit5-properties-3.10.0.jar!/junit-platform.properties].
2024-07-08 14:43:18,888 bbtmf-4ag171p4l JUnitStarter[93572] CONFIG [org.jun.pla.lau.cor.LauncherConfigurationParameters] (main) Loading JUnit Platform configuration parameters from classpath resource [jar:file:/home/wsl/.m2/repository/io/quarkus/quarkus-junit5-properties/3.10.0/quarkus-junit5-properties-3.10.0.jar!/junit-platform.properties].
2024-07-08 14:43:18,996 bbtmf-4ag171p4l JUnitStarter[93572] CONFIG [org.jun.pla.lau.cor.ServiceLoaderRegistry] (main) Loaded LauncherSessionListener instances: []
2024-07-08 14:43:19,085 bbtmf-4ag171p4l JUnitStarter[93572] CONFIG [org.jun.pla.lau.cor.ServiceLoaderTestEngineRegistry] (main) Discovered TestEngines:
- junit-jupiter (group ID: org.junit.jupiter, artifact ID: junit-jupiter-engine, version: 5.10.2, location: jar:file:/home/wsl/.m2/repository/org/junit/jupiter/junit-jupiter-engine/5.10.2/junit-jupiter-engine-5.10.2.jar!/org/junit/jupiter/engine/JupiterTestEngine.class)
2024-07-08 14:43:19,088 bbtmf-4ag171p4l JUnitStarter[93572] CONFIG [org.jun.pla.lau.cor.ServiceLoaderRegistry] (main) Loaded PostDiscoveryFilter instances: []
2024-07-08 14:43:19,124 bbtmf-4ag171p4l JUnitStarter[93572] CONFIG [org.jun.pla.lau.cor.ServiceLoaderRegistry] (main) Loaded LauncherDiscoveryListener instances: []
2024-07-08 14:43:19,136 bbtmf-4ag171p4l JUnitStarter[93572] CONFIG [org.jun.pla.lau.cor.ServiceLoaderRegistry] (main) Loaded TestExecutionListener instances: [org.junit.platform.launcher.listeners.UniqueIdTrackingListener@727803de]
2024-07-08 14:43:19,186 bbtmf-4ag171p4l JUnitStarter[93572] FINE  [org.jun.pla.lau.cor.EngineDiscoveryOrchestrator] (main) Discovering tests during Launcher execution phase in engine 'junit-jupiter'.
2024-07-08 14:43:20,021 bbtmf-4ag171p4l JUnitStarter[93572] CONFIG [org.jun.jup.eng.con.InstantiatingConfigurationParameterConverter] (main) Using default class orderer 'io.quarkus.test.junit.util.QuarkusTestProfileAwareClassOrderer' set via the 'junit.jupiter.testclass.order.default' configuration parameter.
2024-07-08 14:43:20,259 bbtmf-4ag171p4l JUnitStarter[93572] FINE  [org.jun.jup.eng.sup.OpenTest4JAndJUnit4AwareThrowableCollector] (main) Failed to load class org.junit.internal.AssumptionViolatedException: only supporting org.opentest4j.TestAbortedException for aborted execution.: java.lang.ClassNotFoundException: org.junit.internal.AssumptionViolatedException
	at java.base/jdk.internal.loader.BuiltinClassLoader.loadClass(BuiltinClassLoader.java:641)
	at java.base/jdk.internal.loader.ClassLoaders$AppClassLoader.loadClass(ClassLoaders.java:188)
	at java.base/java.lang.ClassLoader.loadClass(ClassLoader.java:525)
	at java.base/java.lang.Class.forName0(Native Method)
	at java.base/java.lang.Class.forName(Class.java:467)
	at org.junit.platform.commons.util.ReflectionUtils.lambda$tryToLoadClass$9(ReflectionUtils.java:832)
	at org.junit.platform.commons.function.Try.lambda$call$0(Try.java:57)
	at org.junit.platform.commons.function.Try.of(Try.java:93)
	at org.junit.platform.commons.function.Try.call(Try.java:57)
	at org.junit.platform.commons.util.ReflectionUtils.tryToLoadClass(ReflectionUtils.java:795)
	at org.junit.platform.commons.util.ReflectionUtils.tryToLoadClass(ReflectionUtils.java:751)
	at org.junit.jupiter.engine.support.OpenTest4JAndJUnit4AwareThrowableCollector.createAbortedExecutionPredicate(OpenTest4JAndJUnit4AwareThrowableCollector.java:52)
	at org.junit.jupiter.engine.support.OpenTest4JAndJUnit4AwareThrowableCollector.<clinit>(OpenTest4JAndJUnit4AwareThrowableCollector.java:41)
	at org.junit.jupiter.engine.support.JupiterThrowableCollectorFactory.createThrowableCollector(JupiterThrowableCollectorFactory.java:34)
	at org.junit.platform.engine.support.hierarchical.NodeTestTask.execute(NodeTestTask.java:89)
	at org.junit.platform.engine.support.hierarchical.SameThreadHierarchicalTestExecutorService.submit(SameThreadHierarchicalTestExecutorService.java:35)
	at org.junit.platform.engine.support.hierarchical.HierarchicalTestExecutor.execute(HierarchicalTestExecutor.java:57)
	at org.junit.platform.engine.support.hierarchical.HierarchicalTestEngine.execute(HierarchicalTestEngine.java:54)
	at org.junit.platform.launcher.core.EngineExecutionOrchestrator.execute(EngineExecutionOrchestrator.java:198)
	at org.junit.platform.launcher.core.EngineExecutionOrchestrator.execute(EngineExecutionOrchestrator.java:169)
	at org.junit.platform.launcher.core.EngineExecutionOrchestrator.execute(EngineExecutionOrchestrator.java:93)
	at org.junit.platform.launcher.core.EngineExecutionOrchestrator.lambda$execute$0(EngineExecutionOrchestrator.java:58)
	at org.junit.platform.launcher.core.EngineExecutionOrchestrator.withInterceptedStreams(EngineExecutionOrchestrator.java:141)
	at org.junit.platform.launcher.core.EngineExecutionOrchestrator.execute(EngineExecutionOrchestrator.java:57)
	at org.junit.platform.launcher.core.DefaultLauncher.execute(DefaultLauncher.java:103)
	at org.junit.platform.launcher.core.DefaultLauncher.execute(DefaultLauncher.java:85)
	at org.junit.platform.launcher.core.DelegatingLauncher.execute(DelegatingLauncher.java:47)
	at org.junit.platform.launcher.core.SessionPerRequestLauncher.execute(SessionPerRequestLauncher.java:63)
	at com.intellij.junit5.JUnit5IdeaTestRunner.startRunnerWithArgs(JUnit5IdeaTestRunner.java:57)
	at com.intellij.rt.junit.IdeaTestRunner$Repeater$1.execute(IdeaTestRunner.java:38)
	at com.intellij.rt.execution.junit.TestsRepeater.repeat(TestsRepeater.java:11)
	at com.intellij.rt.junit.IdeaTestRunner$Repeater.startRunnerWithArgs(IdeaTestRunner.java:35)
	at com.intellij.rt.junit.JUnitStarter.prepareStreamsAndStart(JUnitStarter.java:232)
	at com.intellij.rt.junit.JUnitStarter.main(JUnitStarter.java:55)

2024-07-08 14:43:20,336 bbtmf-4ag171p4l JUnitStarter[93572] DEBUG [org.jbo.logging] (main) Logging Provider: org.jboss.logging.JBossLogManagerProvider
2024-07-08 14:43:20,462 bbtmf-4ag171p4l JUnitStarter[93572] DEBUG [io.sma.config] (ForkJoinPool.commonPool-worker-1) SRCFG01006: Loaded ConfigSource SysPropConfigSource with ordinal 400
2024-07-08 14:43:20,462 bbtmf-4ag171p4l JUnitStarter[93572] DEBUG [io.sma.config] (ForkJoinPool.commonPool-worker-1) SRCFG01006: Loaded ConfigSource EnvConfigSource with ordinal 300
2024-07-08 14:43:20,462 bbtmf-4ag171p4l JUnitStarter[93572] DEBUG [io.sma.config] (ForkJoinPool.commonPool-worker-1) SRCFG01006: Loaded ConfigSource PropertiesConfigSource[source=file:/home/wsl/git/card-payment-api/target/classes/application.properties] with ordinal 250
2024-07-08 14:43:20,462 bbtmf-4ag171p4l JUnitStarter[93572] DEBUG [io.sma.config] (ForkJoinPool.commonPool-worker-1) SRCFG01006: Loaded ConfigSource null:null:ServletConfigSource with ordinal 60
2024-07-08 14:43:20,462 bbtmf-4ag171p4l JUnitStarter[93572] DEBUG [io.sma.config] (ForkJoinPool.commonPool-worker-1) SRCFG01006: Loaded ConfigSource null:null:FilterConfigSource with ordinal 50
2024-07-08 14:43:20,462 bbtmf-4ag171p4l JUnitStarter[93572] DEBUG [io.sma.config] (ForkJoinPool.commonPool-worker-1) SRCFG01006: Loaded ConfigSource null:ServletContextConfigSource with ordinal 40
2024-07-08 14:43:20,462 bbtmf-4ag171p4l JUnitStarter[93572] DEBUG [io.sma.config] (ForkJoinPool.commonPool-worker-1) SRCFG01006: Loaded ConfigSource test URL provider with ordinal -2147482648
2024-07-08 14:43:20,462 bbtmf-4ag171p4l JUnitStarter[93572] DEBUG [io.sma.config] (ForkJoinPool.commonPool-worker-1) SRCFG01006: Loaded ConfigSource DefaultValuesConfigSource with ordinal -2147483648
2024-07-08 14:43:20,918 bbtmf-4ag171p4l JUnitStarter[93572] DEBUG [io.qua.boo.BootstrapAppModelFactory] (main) Loaded cached AppModel io.quarkus.bootstrap.model.DefaultApplicationModel@17503f6b from /home/wsl/git/card-payment-api/target/quarkus/bootstrap/test-app-model.dat
2024-07-08 14:43:21,025 bbtmf-4ag171p4l JUnitStarter[93572] DEBUG [io.qua.boo.cla.QuarkusClassLoader] (main) Adding elements io.quarkus.bootstrap.classloading.PathTreeClassPathElement[io.quarkus:quarkus-resteasy / runtime=true resources=null] to QuarkusClassLoader Quarkus Base Runtime ClassLoader: TEST for PaymentControllerTest (QuarkusTest)
2024-07-08 14:43:21,033 bbtmf-4ag171p4l JUnitStarter[93572] DEBUG [io.qua.boo.cla.QuarkusClassLoader] (main) Adding elements io.quarkus.bootstrap.classloading.PathTreeClassPathElement[io.quarkus:quarkus-vertx-http / runtime=true resources=null] to QuarkusClassLoader Quarkus Base Runtime ClassLoader: TEST for PaymentControllerTest (QuarkusTest)
2024-07-08 14:43:21,034 bbtmf-4ag171p4l JUnitStarter[93572] DEBUG [io.qua.boo.cla.QuarkusClassLoader] (main) Adding elements io.quarkus.bootstrap.classloading.PathTreeClassPathElement[io.quarkus:quarkus-security-runtime-spi / runtime=true resources=null] to QuarkusClassLoader Quarkus Base Runtime ClassLoader: TEST for PaymentControllerTest (QuarkusTest)
2024-07-08 14:43:21,035 bbtmf-4ag171p4l JUnitStarter[93572] DEBUG [io.qua.boo.cla.QuarkusClassLoader] (main) Adding elements io.quarkus.bootstrap.classloading.PathTreeClassPathElement[io.quarkus:quarkus-credentials / runtime=true resources=null] to QuarkusClassLoader Quarkus Base Runtime ClassLoader: TEST for PaymentControllerTest (QuarkusTest)
2024-07-08 14:43:21,036 bbtmf-4ag171p4l JUnitStarter[93572] DEBUG [io.qua.boo.cla.QuarkusClassLoader] (main) Adding elements io.quarkus.bootstrap.classloading.PathTreeClassPathElement[io.quarkus:quarkus-mutiny / runtime=true resources=null] to QuarkusClassLoader Quarkus Base Runtime ClassLoader: TEST for PaymentControllerTest (QuarkusTest)
2024-07-08 14:43:21,037 bbtmf-4ag171p4l JUnitStarter[93572] DEBUG [io.qua.boo.cla.QuarkusClassLoader] (main) Adding elements io.quarkus.bootstrap.classloading.PathTreeClassPathElement[io.quarkus:quarkus-smallrye-context-propagation / runtime=true resources=null] to QuarkusClassLoader Quarkus Base Runtime ClassLoader: TEST for PaymentControllerTest (QuarkusTest)
2024-07-08 14:43:21,038 bbtmf-4ag171p4l JUnitStarter[93572] DEBUG [io.qua.boo.cla.QuarkusClassLoader] (main) Adding elements io.quarkus.bootstrap.classloading.PathTreeClassPathElement[io.smallrye:smallrye-context-propagation / runtime=true resources=null] to QuarkusClassLoader Quarkus Base Runtime ClassLoader: TEST for PaymentControllerTest (QuarkusTest)
2024-07-08 14:43:21,038 bbtmf-4ag171p4l JUnitStarter[93572] DEBUG [io.qua.boo.cla.QuarkusClassLoader] (main) Adding elements io.quarkus.bootstrap.classloading.PathTreeClassPathElement[io.smallrye:smallrye-context-propagation-api / runtime=true resources=null] to QuarkusClassLoader Quarkus Base Runtime ClassLoader: TEST for PaymentControllerTest (QuarkusTest)
2024-07-08 14:43:21,039 bbtmf-4ag171p4l JUnitStarter[93572] DEBUG [io.qua.boo.cla.QuarkusClassLoader] (main) Adding elements io.quarkus.bootstrap.classloading.PathTreeClassPathElement[io.smallrye:smallrye-context-propagation-storage / runtime=true resources=null] to QuarkusClassLoader Quarkus Base Runtime ClassLoader: TEST for PaymentControllerTest (QuarkusTest)
2024-07-08 14:43:21,040 bbtmf-4ag171p4l JUnitStarter[93572] DEBUG [io.qua.boo.cla.QuarkusClassLoader] (main) Adding elements io.quarkus.bootstrap.classloading.PathTreeClassPathElement[io.smallrye.reactive:mutiny-smallrye-context-propagation / runtime=true resources=null] to QuarkusClassLoader Quarkus Base Runtime ClassLoader: TEST for PaymentControllerTest (QuarkusTest)
2024-07-08 14:43:21,041 bbtmf-4ag171p4l JUnitStarter[93572] DEBUG [io.qua.boo.cla.QuarkusClassLoader] (main) Adding elements io.quarkus.bootstrap.classloading.PathTreeClassPathElement[io.smallrye.common:smallrye-common-vertx-context / runtime=true resources=null] to QuarkusClassLoader Quarkus Base Runtime ClassLoader: TEST for PaymentControllerTest (QuarkusTest)
2024-07-08 14:43:21,049 bbtmf-4ag171p4l JUnitStarter[93572] DEBUG [io.qua.boo.cla.QuarkusClassLoader] (main) Adding elements io.quarkus.bootstrap.classloading.PathTreeClassPathElement[io.vertx:vertx-core / runtime=true resources=null] to QuarkusClassLoader Quarkus Base Runtime ClassLoader: TEST for PaymentControllerTest (QuarkusTest)
2024-07-08 14:43:21,052 bbtmf-4ag171p4l JUnitStarter[93572] DEBUG [io.qua.boo.cla.QuarkusClassLoader] (main) Adding elements io.quarkus.bootstrap.classloading.PathTreeClassPathElement[io.netty:netty-common / runtime=true resources=null] to QuarkusClassLoader Quarkus Base Runtime ClassLoader: TEST for PaymentControllerTest (QuarkusTest)
2024-07-08 14:43:21,053 bbtmf-4ag171p4l JUnitStarter[93572] DEBUG [io.qua.boo.cla.QuarkusClassLoader] (main) Adding elements io.quarkus.bootstrap.classloading.PathTreeClassPathElement[io.netty:netty-buffer / runtime=true resources=null] to QuarkusClassLoader Quarkus Base Runtime ClassLoader: TEST for PaymentControllerTest (QuarkusTest)
2024-07-08 14:43:21,054 bbtmf-4ag171p4l JUnitStarter[93572] DEBUG [io.qua.boo.cla.QuarkusClassLoader] (main) Adding elements io.quarkus.bootstrap.classloading.PathTreeClassPathElement[io.netty:netty-transport / runtime=true resources=null] to QuarkusClassLoader Quarkus Base Runtime ClassLoader: TEST for PaymentControllerTest (QuarkusTest)
2024-07-08 14:43:21,055 bbtmf-4ag171p4l JUnitStarter[93572] DEBUG [io.qua.boo.cla.QuarkusClassLoader] (main) Adding elements io.quarkus.bootstrap.classloading.PathTreeClassPathElement[io.netty:netty-handler / runtime=true resources=null] to QuarkusClassLoader Quarkus Base Runtime ClassLoader: TEST for PaymentControllerTest (QuarkusTest)
2024-07-08 14:43:21,056 bbtmf-4ag171p4l JUnitStarter[93572] DEBUG [io.qua.boo.cla.QuarkusClassLoader] (main) Adding elements io.quarkus.bootstrap.classloading.PathTreeClassPathElement[io.netty:netty-transport-native-unix-common / runtime=true resources=null] to QuarkusClassLoader Quarkus Base Runtime ClassLoader: TEST for PaymentControllerTest (QuarkusTest)
2024-07-08 14:43:21,056 bbtmf-4ag171p4l JUnitStarter[93572] DEBUG [io.qua.boo.cla.QuarkusClassLoader] (main) Adding elements io.quarkus.bootstrap.classloading.PathTreeClassPathElement[io.netty:netty-handler-proxy / runtime=true resources=null] to QuarkusClassLoader Quarkus Base Runtime ClassLoader: TEST for PaymentControllerTest (QuarkusTest)
2024-07-08 14:43:21,057 bbtmf-4ag171p4l JUnitStarter[93572] DEBUG [io.qua.boo.cla.QuarkusClassLoader] (main) Adding elements io.quarkus.bootstrap.classloading.PathTreeClassPathElement[io.netty:netty-codec-socks / runtime=true resources=null] to QuarkusClassLoader Quarkus Base Runtime ClassLoader: TEST for PaymentControllerTest (QuarkusTest)
2024-07-08 14:43:21,058 bbtmf-4ag171p4l JUnitStarter[93572] DEBUG [io.qua.boo.cla.QuarkusClassLoader] (main) Adding elements io.quarkus.bootstrap.classloading.PathTreeClassPathElement[io.netty:netty-codec-http / runtime=true resources=null] to QuarkusClassLoader Quarkus Base Runtime ClassLoader: TEST for PaymentControllerTest (QuarkusTest)
2024-07-08 14:43:21,058 bbtmf-4ag171p4l JUnitStarter[93572] DEBUG [io.qua.boo.cla.QuarkusClassLoader] (main) Adding elements io.quarkus.bootstrap.classloading.PathTreeClassPathElement[io.netty:netty-codec-http2 / runtime=true resources=null] to QuarkusClassLoader Quarkus Base Runtime ClassLoader: TEST for PaymentControllerTest (QuarkusTest)
2024-07-08 14:43:21,059 bbtmf-4ag171p4l JUnitStarter[93572] DEBUG [io.qua.boo.cla.QuarkusClassLoader] (main) Adding elements io.quarkus.bootstrap.classloading.PathTreeClassPathElement[io.netty:netty-resolver / runtime=true resources=null] to QuarkusClassLoader Quarkus Base Runtime ClassLoader: TEST for PaymentControllerTest (QuarkusTest)
2024-07-08 14:43:21,060 bbtmf-4ag171p4l JUnitStarter[93572] DEBUG [io.qua.boo.cla.QuarkusClassLoader] (main) Adding elements io.quarkus.bootstrap.classloading.PathTreeClassPathElement[io.netty:netty-resolver-dns / runtime=true resources=null] to QuarkusClassLoader Quarkus Base Runtime ClassLoader: TEST for PaymentControllerTest (QuarkusTest)
2024-07-08 14:43:21,061 bbtmf-4ag171p4l JUnitStarter[93572] DEBUG [io.qua.boo.cla.QuarkusClassLoader] (main) Adding elements io.quarkus.bootstrap.classloading.PathTreeClassPathElement[io.netty:netty-codec-dns / runtime=true resources=null] to QuarkusClassLoader Quarkus Base Runtime ClassLoader: TEST for PaymentControllerTest (QuarkusTest)
2024-07-08 14:43:21,062 bbtmf-4ag171p4l JUnitStarter[93572] DEBUG [io.qua.boo.cla.QuarkusClassLoader] (main) Adding parent first element io.quarkus.bootstrap.classloading.PathTreeClassPathElement[io.smallrye.common:smallrye-common-constraint / runtime=true resources=null] to QuarkusClassLoader Quarkus Base Runtime ClassLoader: TEST for PaymentControllerTest (QuarkusTest)
2024-07-08 14:43:21,063 bbtmf-4ag171p4l JUnitStarter[93572] DEBUG [io.qua.boo.cla.QuarkusClassLoader] (main) Adding elements io.quarkus.bootstrap.classloading.PathTreeClassPathElement[io.smallrye.common:smallrye-common-constraint / runtime=true resources=null] to QuarkusClassLoader Quarkus Base Runtime ClassLoader: TEST for PaymentControllerTest (QuarkusTest)
2024-07-08 14:43:21,063 bbtmf-4ag171p4l JUnitStarter[93572] DEBUG [io.qua.boo.cla.QuarkusClassLoader] (main) Adding elements io.quarkus.bootstrap.classloading.PathTreeClassPathElement[io.quarkus.security:quarkus-security / runtime=true resources=null] to QuarkusClassLoader Quarkus Base Runtime ClassLoader: TEST for PaymentControllerTest (QuarkusTest)
2024-07-08 14:43:21,064 bbtmf-4ag171p4l JUnitStarter[93572] DEBUG [io.qua.boo.cla.QuarkusClassLoader] (main) Adding elements io.quarkus.bootstrap.classloading.PathTreeClassPathElement[io.quarkus:quarkus-vertx / runtime=true resources=null] to QuarkusClassLoader Quarkus Base Runtime ClassLoader: TEST for PaymentControllerTest (QuarkusTest)
2024-07-08 14:43:21,064 bbtmf-4ag171p4l JUnitStarter[93572] DEBUG [io.qua.boo.cla.QuarkusClassLoader] (main) Adding elements io.quarkus.bootstrap.classloading.PathTreeClassPathElement[io.quarkus:quarkus-netty / runtime=true resources=null] to QuarkusClassLoader Quarkus Base Runtime ClassLoader: TEST for PaymentControllerTest (QuarkusTest)
2024-07-08 14:43:21,065 bbtmf-4ag171p4l JUnitStarter[93572] DEBUG [io.qua.boo.cla.QuarkusClassLoader] (main) Adding elements io.quarkus.bootstrap.classloading.PathTreeClassPathElement[io.netty:netty-codec / runtime=true resources=null] to QuarkusClassLoader Quarkus Base Runtime ClassLoader: TEST for PaymentControllerTest (QuarkusTest)
2024-07-08 14:43:21,066 bbtmf-4ag171p4l JUnitStarter[93572] DEBUG [io.qua.boo.cla.QuarkusClassLoader] (main) Adding elements io.quarkus.bootstrap.classloading.PathTreeClassPathElement[com.aayushatharva.brotli4j:brotli4j / runtime=true resources=null] to QuarkusClassLoader Quarkus Base Runtime ClassLoader: TEST for PaymentControllerTest (QuarkusTest)
2024-07-08 14:43:21,067 bbtmf-4ag171p4l JUnitStarter[93572] DEBUG [io.qua.boo.cla.QuarkusClassLoader] (main) Adding elements io.quarkus.bootstrap.classloading.PathTreeClassPathElement[com.aayushatharva.brotli4j:service / runtime=true resources=null] to QuarkusClassLoader Quarkus Base Runtime ClassLoader: TEST for PaymentControllerTest (QuarkusTest)
2024-07-08 14:43:21,067 bbtmf-4ag171p4l JUnitStarter[93572] DEBUG [io.qua.boo.cla.QuarkusClassLoader] (main) Adding elements io.quarkus.bootstrap.classloading.PathTreeClassPathElement[com.aayushatharva.brotli4j:native-linux-x86_64 / runtime=true resources=null] to QuarkusClassLoader Quarkus Base Runtime ClassLoader: TEST for PaymentControllerTest (QuarkusTest)
2024-07-08 14:43:21,068 bbtmf-4ag171p4l JUnitStarter[93572] DEBUG [io.qua.boo.cla.QuarkusClassLoader] (main) Adding elements io.quarkus.bootstrap.classloading.PathTreeClassPathElement[io.netty:netty-codec-haproxy / runtime=true resources=null] to QuarkusClassLoader Quarkus Base Runtime ClassLoader: TEST for PaymentControllerTest (QuarkusTest)
2024-07-08 14:43:21,068 bbtmf-4ag171p4l JUnitStarter[93572] DEBUG [io.qua.boo.cla.QuarkusClassLoader] (main) Adding elements io.quarkus.bootstrap.classloading.PathTreeClassPathElement[io.smallrye.common:smallrye-common-annotation / runtime=true resources=null] to QuarkusClassLoader Quarkus Base Runtime ClassLoader: TEST for PaymentControllerTest (QuarkusTest)
2024-07-08 14:43:21,070 bbtmf-4ag171p4l JUnitStarter[93572] DEBUG [io.qua.boo.cla.QuarkusClassLoader] (main) Adding elements io.quarkus.bootstrap.classloading.PathTreeClassPathElement[io.quarkus:quarkus-virtual-threads / runtime=true resources=null] to QuarkusClassLoader Quarkus Base Runtime ClassLoader: TEST for PaymentControllerTest (QuarkusTest)
2024-07-08 14:43:21,070 bbtmf-4ag171p4l JUnitStarter[93572] DEBUG [io.qua.boo.cla.QuarkusClassLoader] (main) Adding parent first element io.quarkus.bootstrap.classloading.PathTreeClassPathElement[io.quarkus:quarkus-vertx-latebound-mdc-provider / runtime=true resources=null] to QuarkusClassLoader Quarkus Base Runtime ClassLoader: TEST for PaymentControllerTest (QuarkusTest)
2024-07-08 14:43:21,071 bbtmf-4ag171p4l JUnitStarter[93572] DEBUG [io.qua.boo.cla.QuarkusClassLoader] (main) Adding elements io.quarkus.bootstrap.classloading.PathTreeClassPathElement[io.quarkus:quarkus-vertx-latebound-mdc-provider / runtime=true resources=null] to QuarkusClassLoader Quarkus Base Runtime ClassLoader: TEST for PaymentControllerTest (QuarkusTest)
2024-07-08 14:43:21,071 bbtmf-4ag171p4l JUnitStarter[93572] DEBUG [io.qua.boo.cla.QuarkusClassLoader] (main) Adding elements io.quarkus.bootstrap.classloading.PathTreeClassPathElement[io.smallrye.reactive:smallrye-mutiny-vertx-core / runtime=true resources=null] to QuarkusClassLoader Quarkus Base Runtime ClassLoader: TEST for PaymentControllerTest (QuarkusTest)
2024-07-08 14:43:21,072 bbtmf-4ag171p4l JUnitStarter[93572] DEBUG [io.qua.boo.cla.QuarkusClassLoader] (main) Adding elements io.quarkus.bootstrap.classloading.PathTreeClassPathElement[io.smallrye.reactive:smallrye-mutiny-vertx-runtime / runtime=true resources=null] to QuarkusClassLoader Quarkus Base Runtime ClassLoader: TEST for PaymentControllerTest (QuarkusTest)
2024-07-08 14:43:21,073 bbtmf-4ag171p4l JUnitStarter[93572] DEBUG [io.qua.boo.cla.QuarkusClassLoader] (main) Adding elements io.quarkus.bootstrap.classloading.PathTreeClassPathElement[io.smallrye.reactive:vertx-mutiny-generator / runtime=true resources=null] to QuarkusClassLoader Quarkus Base Runtime ClassLoader: TEST for PaymentControllerTest (QuarkusTest)
2024-07-08 14:43:21,073 bbtmf-4ag171p4l JUnitStarter[93572] DEBUG [io.qua.boo.cla.QuarkusClassLoader] (main) Adding elements io.quarkus.bootstrap.classloading.PathTreeClassPathElement[io.vertx:vertx-codegen / runtime=true resources=null] to QuarkusClassLoader Quarkus Base Runtime ClassLoader: TEST for PaymentControllerTest (QuarkusTest)
2024-07-08 14:43:21,074 bbtmf-4ag171p4l JUnitStarter[93572] DEBUG [io.qua.boo.cla.QuarkusClassLoader] (main) Adding elements io.quarkus.bootstrap.classloading.PathTreeClassPathElement[io.smallrye:smallrye-fault-tolerance-vertx / runtime=true resources=null] to QuarkusClassLoader Quarkus Base Runtime ClassLoader: TEST for PaymentControllerTest (QuarkusTest)
2024-07-08 14:43:21,075 bbtmf-4ag171p4l JUnitStarter[93572] DEBUG [io.qua.boo.cla.QuarkusClassLoader] (main) Adding elements io.quarkus.bootstrap.classloading.PathTreeClassPathElement[io.smallrye.reactive:smallrye-mutiny-vertx-web / runtime=true resources=null] to QuarkusClassLoader Quarkus Base Runtime ClassLoader: TEST for PaymentControllerTest (QuarkusTest)
2024-07-08 14:43:21,076 bbtmf-4ag171p4l JUnitStarter[93572] DEBUG [io.qua.boo.cla.QuarkusClassLoader] (main) Adding elements io.quarkus.bootstrap.classloading.PathTreeClassPathElement[io.smallrye.reactive:smallrye-mutiny-vertx-web-common / runtime=true resources=null] to QuarkusClassLoader Quarkus Base Runtime ClassLoader: TEST for PaymentControllerTest (QuarkusTest)
2024-07-08 14:43:21,076 bbtmf-4ag171p4l JUnitStarter[93572] DEBUG [io.qua.boo.cla.QuarkusClassLoader] (main) Adding elements io.quarkus.bootstrap.classloading.PathTreeClassPathElement[io.smallrye.reactive:smallrye-mutiny-vertx-auth-common / runtime=true resources=null] to QuarkusClassLoader Quarkus Base Runtime ClassLoader: TEST for PaymentControllerTest (QuarkusTest)
2024-07-08 14:43:21,077 bbtmf-4ag171p4l JUnitStarter[93572] DEBUG [io.qua.boo.cla.QuarkusClassLoader] (main) Adding elements io.quarkus.bootstrap.classloading.PathTreeClassPathElement[io.smallrye.reactive:smallrye-mutiny-vertx-bridge-common / runtime=true resources=null] to QuarkusClassLoader Quarkus Base Runtime ClassLoader: TEST for PaymentControllerTest (QuarkusTest)
2024-07-08 14:43:21,077 bbtmf-4ag171p4l JUnitStarter[93572] DEBUG [io.qua.boo.cla.QuarkusClassLoader] (main) Adding elements io.quarkus.bootstrap.classloading.PathTreeClassPathElement[io.smallrye.reactive:smallrye-mutiny-vertx-uri-template / runtime=true resources=null] to QuarkusClassLoader Quarkus Base Runtime ClassLoader: TEST for PaymentControllerTest (QuarkusTest)
2024-07-08 14:43:21,078 bbtmf-4ag171p4l JUnitStarter[93572] DEBUG [io.qua.boo.cla.QuarkusClassLoader] (main) Adding elements io.quarkus.bootstrap.classloading.PathTreeClassPathElement[io.vertx:vertx-uri-template / runtime=true resources=null] to QuarkusClassLoader Quarkus Base Runtime ClassLoader: TEST for PaymentControllerTest (QuarkusTest)
2024-07-08 14:43:21,079 bbtmf-4ag171p4l JUnitStarter[93572] DEBUG [io.qua.boo.cla.QuarkusClassLoader] (main) Adding elements io.quarkus.bootstrap.classloading.PathTreeClassPathElement[io.vertx:vertx-web / runtime=true resources=null] to QuarkusClassLoader Quarkus Base Runtime ClassLoader: TEST for PaymentControllerTest (QuarkusTest)
2024-07-08 14:43:21,079 bbtmf-4ag171p4l JUnitStarter[93572] DEBUG [io.qua.boo.cla.QuarkusClassLoader] (main) Adding elements io.quarkus.bootstrap.classloading.PathTreeClassPathElement[io.vertx:vertx-web-common / runtime=true resources=null] to QuarkusClassLoader Quarkus Base Runtime ClassLoader: TEST for PaymentControllerTest (QuarkusTest)
2024-07-08 14:43:21,080 bbtmf-4ag171p4l JUnitStarter[93572] DEBUG [io.qua.boo.cla.QuarkusClassLoader] (main) Adding elements io.quarkus.bootstrap.classloading.PathTreeClassPathElement[io.vertx:vertx-auth-common / runtime=true resources=null] to QuarkusClassLoader Quarkus Base Runtime ClassLoader: TEST for PaymentControllerTest (QuarkusTest)
2024-07-08 14:43:21,080 bbtmf-4ag171p4l JUnitStarter[93572] DEBUG [io.qua.boo.cla.QuarkusClassLoader] (main) Adding elements io.quarkus.bootstrap.classloading.PathTreeClassPathElement[io.vertx:vertx-bridge-common / runtime=true resources=null] to QuarkusClassLoader Quarkus Base Runtime ClassLoader: TEST for PaymentControllerTest (QuarkusTest)
2024-07-08 14:43:21,081 bbtmf-4ag171p4l JUnitStarter[93572] DEBUG [io.qua.boo.cla.QuarkusClassLoader] (main) Adding elements io.quarkus.bootstrap.classloading.PathTreeClassPathElement[io.github.crac:org-crac / runtime=true resources=null] to QuarkusClassLoader Quarkus Base Runtime ClassLoader: TEST for PaymentControllerTest (QuarkusTest)
2024-07-08 14:43:21,081 bbtmf-4ag171p4l JUnitStarter[93572] DEBUG [io.qua.boo.cla.QuarkusClassLoader] (main) Adding elements io.quarkus.bootstrap.classloading.PathTreeClassPathElement[io.quarkus:quarkus-resteasy-server-common / runtime=true resources=null] to QuarkusClassLoader Quarkus Base Runtime ClassLoader: TEST for PaymentControllerTest (QuarkusTest)
2024-07-08 14:43:21,082 bbtmf-4ag171p4l JUnitStarter[93572] DEBUG [io.qua.boo.cla.QuarkusClassLoader] (main) Adding elements io.quarkus.bootstrap.classloading.PathTreeClassPathElement[io.quarkus:quarkus-resteasy-common / runtime=true resources=null] to QuarkusClassLoader Quarkus Base Runtime ClassLoader: TEST for PaymentControllerTest (QuarkusTest)
2024-07-08 14:43:21,083 bbtmf-4ag171p4l JUnitStarter[93572] DEBUG [io.qua.boo.cla.QuarkusClassLoader] (main) Adding elements io.quarkus.bootstrap.classloading.PathTreeClassPathElement[org.jboss.resteasy:resteasy-core / runtime=true resources=null] to QuarkusClassLoader Quarkus Base Runtime ClassLoader: TEST for PaymentControllerTest (QuarkusTest)
2024-07-08 14:43:21,084 bbtmf-4ag171p4l JUnitStarter[93572] DEBUG [io.qua.boo.cla.QuarkusClassLoader] (main) Adding elements io.quarkus.bootstrap.classloading.PathTreeClassPathElement[com.ibm.async:asyncutil / runtime=true resources=null] to QuarkusClassLoader Quarkus Base Runtime ClassLoader: TEST for PaymentControllerTest (QuarkusTest)
2024-07-08 14:43:21,085 bbtmf-4ag171p4l JUnitStarter[93572] DEBUG [io.qua.boo.cla.QuarkusClassLoader] (main) Adding elements io.quarkus.bootstrap.classloading.PathTreeClassPathElement[org.eclipse.angus:angus-activation / runtime=true resources=null] to QuarkusClassLoader Quarkus Base Runtime ClassLoader: TEST for PaymentControllerTest (QuarkusTest)
2024-07-08 14:43:21,086 bbtmf-4ag171p4l JUnitStarter[93572] DEBUG [io.qua.boo.cla.QuarkusClassLoader] (main) Adding elements io.quarkus.bootstrap.classloading.PathTreeClassPathElement[org.jboss.resteasy.microprofile:microprofile-config / runtime=true resources=null] to QuarkusClassLoader Quarkus Base Runtime ClassLoader: TEST for PaymentControllerTest (QuarkusTest)
2024-07-08 14:43:21,086 bbtmf-4ag171p4l JUnitStarter[93572] DEBUG [io.qua.boo.cla.QuarkusClassLoader] (main) Adding elements io.quarkus.bootstrap.classloading.PathTreeClassPathElement[jakarta.servlet:jakarta.servlet-api / runtime=true resources=null] to QuarkusClassLoader Quarkus Base Runtime ClassLoader: TEST for PaymentControllerTest (QuarkusTest)
2024-07-08 14:43:21,087 bbtmf-4ag171p4l JUnitStarter[93572] DEBUG [io.qua.boo.cla.QuarkusClassLoader] (main) Adding elements io.quarkus.bootstrap.classloading.PathTreeClassPathElement[org.jboss.resteasy:resteasy-cdi / runtime=true resources=null] to QuarkusClassLoader Quarkus Base Runtime ClassLoader: TEST for PaymentControllerTest (QuarkusTest)
2024-07-08 14:43:21,088 bbtmf-4ag171p4l JUnitStarter[93572] DEBUG [io.qua.boo.cla.QuarkusClassLoader] (main) Adding elements io.quarkus.bootstrap.classloading.PathTreeClassPathElement[jakarta.interceptor:jakarta.interceptor-api / runtime=true resources=null] to QuarkusClassLoader Quarkus Base Runtime ClassLoader: TEST for PaymentControllerTest (QuarkusTest)
2024-07-08 14:43:21,089 bbtmf-4ag171p4l JUnitStarter[93572] DEBUG [io.qua.boo.cla.QuarkusClassLoader] (main) Adding elements io.quarkus.bootstrap.classloading.PathTreeClassPathElement[org.jboss.resteasy:resteasy-core-spi / runtime=true resources=null] to QuarkusClassLoader Quarkus Base Runtime ClassLoader: TEST for PaymentControllerTest (QuarkusTest)
2024-07-08 14:43:21,090 bbtmf-4ag171p4l JUnitStarter[93572] DEBUG [io.qua.boo.cla.QuarkusClassLoader] (main) Adding elements io.quarkus.bootstrap.classloading.PathTreeClassPathElement[jakarta.validation:jakarta.validation-api / runtime=true resources=null] to QuarkusClassLoader Quarkus Base Runtime ClassLoader: TEST for PaymentControllerTest (QuarkusTest)
2024-07-08 14:43:21,091 bbtmf-4ag171p4l JUnitStarter[93572] DEBUG [io.qua.boo.cla.QuarkusClassLoader] (main) Adding elements io.quarkus.bootstrap.classloading.PathTreeClassPathElement[io.quarkus:quarkus-arc / runtime=true resources=null] to QuarkusClassLoader Quarkus Base Runtime ClassLoader: TEST for PaymentControllerTest (QuarkusTest)
2024-07-08 14:43:21,091 bbtmf-4ag171p4l JUnitStarter[93572] DEBUG [io.qua.boo.cla.QuarkusClassLoader] (main) Adding elements io.quarkus.bootstrap.classloading.PathTreeClassPathElement[io.quarkus.arc:arc / runtime=true resources=null] to QuarkusClassLoader Quarkus Base Runtime ClassLoader: TEST for PaymentControllerTest (QuarkusTest)
2024-07-08 14:43:21,092 bbtmf-4ag171p4l JUnitStarter[93572] DEBUG [io.qua.boo.cla.QuarkusClassLoader] (main) Adding elements io.quarkus.bootstrap.classloading.PathTreeClassPathElement[jakarta.enterprise:jakarta.enterprise.cdi-api / runtime=true resources=null] to QuarkusClassLoader Quarkus Base Runtime ClassLoader: TEST for PaymentControllerTest (QuarkusTest)
2024-07-08 14:43:21,092 bbtmf-4ag171p4l JUnitStarter[93572] DEBUG [io.qua.boo.cla.QuarkusClassLoader] (main) Adding elements io.quarkus.bootstrap.classloading.PathTreeClassPathElement[jakarta.enterprise:jakarta.enterprise.lang-model / runtime=true resources=null] to QuarkusClassLoader Quarkus Base Runtime ClassLoader: TEST for PaymentControllerTest (QuarkusTest)
2024-07-08 14:43:21,093 bbtmf-4ag171p4l JUnitStarter[93572] DEBUG [io.qua.boo.cla.QuarkusClassLoader] (main) Adding elements io.quarkus.bootstrap.classloading.PathTreeClassPathElement[jakarta.annotation:jakarta.annotation-api / runtime=true resources=null] to QuarkusClassLoader Quarkus Base Runtime ClassLoader: TEST for PaymentControllerTest (QuarkusTest)
2024-07-08 14:43:21,094 bbtmf-4ag171p4l JUnitStarter[93572] DEBUG [io.qua.boo.cla.QuarkusClassLoader] (main) Adding elements io.quarkus.bootstrap.classloading.PathTreeClassPathElement[io.smallrye.reactive:mutiny / runtime=true resources=null] to QuarkusClassLoader Quarkus Base Runtime ClassLoader: TEST for PaymentControllerTest (QuarkusTest)
2024-07-08 14:43:21,094 bbtmf-4ag171p4l JUnitStarter[93572] DEBUG [io.qua.boo.cla.QuarkusClassLoader] (main) Adding elements io.quarkus.bootstrap.classloading.PathTreeClassPathElement[org.jctools:jctools-core / runtime=true resources=null] to QuarkusClassLoader Quarkus Base Runtime ClassLoader: TEST for PaymentControllerTest (QuarkusTest)
2024-07-08 14:43:21,095 bbtmf-4ag171p4l JUnitStarter[93572] DEBUG [io.qua.boo.cla.QuarkusClassLoader] (main) Adding parent first element io.quarkus.bootstrap.classloading.PathTreeClassPathElement[org.jboss.logging:jboss-logging / runtime=true resources=null] to QuarkusClassLoader Quarkus Base Runtime ClassLoader: TEST for PaymentControllerTest (QuarkusTest)
2024-07-08 14:43:21,095 bbtmf-4ag171p4l JUnitStarter[93572] DEBUG [io.qua.boo.cla.QuarkusClassLoader] (main) Adding elements io.quarkus.bootstrap.classloading.PathTreeClassPathElement[org.jboss.logging:jboss-logging / runtime=true resources=null] to QuarkusClassLoader Quarkus Base Runtime ClassLoader: TEST for PaymentControllerTest (QuarkusTest)
2024-07-08 14:43:21,096 bbtmf-4ag171p4l JUnitStarter[93572] DEBUG [io.qua.boo.cla.QuarkusClassLoader] (main) Adding elements io.quarkus.bootstrap.classloading.PathTreeClassPathElement[io.quarkus:quarkus-core / runtime=true resources=null] to QuarkusClassLoader Quarkus Base Runtime ClassLoader: TEST for PaymentControllerTest (QuarkusTest)
2024-07-08 14:43:21,096 bbtmf-4ag171p4l JUnitStarter[93572] DEBUG [io.qua.boo.cla.QuarkusClassLoader] (main) Adding elements io.quarkus.bootstrap.classloading.PathTreeClassPathElement[jakarta.inject:jakarta.inject-api / runtime=true resources=null] to QuarkusClassLoader Quarkus Base Runtime ClassLoader: TEST for PaymentControllerTest (QuarkusTest)
2024-07-08 14:43:21,096 bbtmf-4ag171p4l JUnitStarter[93572] DEBUG [io.qua.boo.cla.QuarkusClassLoader] (main) Adding parent first element io.quarkus.bootstrap.classloading.PathTreeClassPathElement[io.smallrye.common:smallrye-common-os / runtime=true resources=null] to QuarkusClassLoader Quarkus Base Runtime ClassLoader: TEST for PaymentControllerTest (QuarkusTest)
2024-07-08 14:43:21,096 bbtmf-4ag171p4l JUnitStarter[93572] DEBUG [io.qua.boo.cla.QuarkusClassLoader] (main) Adding elements io.quarkus.bootstrap.classloading.PathTreeClassPathElement[io.smallrye.common:smallrye-common-os / runtime=true resources=null] to QuarkusClassLoader Quarkus Base Runtime ClassLoader: TEST for PaymentControllerTest (QuarkusTest)
2024-07-08 14:43:21,097 bbtmf-4ag171p4l JUnitStarter[93572] DEBUG [io.qua.boo.cla.QuarkusClassLoader] (main) Adding parent first element io.quarkus.bootstrap.classloading.PathTreeClassPathElement[io.quarkus:quarkus-development-mode-spi / runtime=true resources=null] to QuarkusClassLoader Quarkus Base Runtime ClassLoader: TEST for PaymentControllerTest (QuarkusTest)
2024-07-08 14:43:21,097 bbtmf-4ag171p4l JUnitStarter[93572] DEBUG [io.qua.boo.cla.QuarkusClassLoader] (main) Adding elements io.quarkus.bootstrap.classloading.PathTreeClassPathElement[io.quarkus:quarkus-development-mode-spi / runtime=true resources=null] to QuarkusClassLoader Quarkus Base Runtime ClassLoader: TEST for PaymentControllerTest (QuarkusTest)
2024-07-08 14:43:21,097 bbtmf-4ag171p4l JUnitStarter[93572] DEBUG [io.qua.boo.cla.QuarkusClassLoader] (main) Adding elements io.quarkus.bootstrap.classloading.PathTreeClassPathElement[io.smallrye.config:smallrye-config / runtime=true resources=null] to QuarkusClassLoader Quarkus Base Runtime ClassLoader: TEST for PaymentControllerTest (QuarkusTest)
2024-07-08 14:43:21,098 bbtmf-4ag171p4l JUnitStarter[93572] DEBUG [io.qua.boo.cla.QuarkusClassLoader] (main) Adding elements io.quarkus.bootstrap.classloading.PathTreeClassPathElement[io.smallrye.config:smallrye-config-core / runtime=true resources=null] to QuarkusClassLoader Quarkus Base Runtime ClassLoader: TEST for PaymentControllerTest (QuarkusTest)
2024-07-08 14:43:21,098 bbtmf-4ag171p4l JUnitStarter[93572] DEBUG [io.qua.boo.cla.QuarkusClassLoader] (main) Adding elements io.quarkus.bootstrap.classloading.PathTreeClassPathElement[io.smallrye.common:smallrye-common-classloader / runtime=true resources=null] to QuarkusClassLoader Quarkus Base Runtime ClassLoader: TEST for PaymentControllerTest (QuarkusTest)
2024-07-08 14:43:21,099 bbtmf-4ag171p4l JUnitStarter[93572] DEBUG [io.qua.boo.cla.QuarkusClassLoader] (main) Adding elements io.quarkus.bootstrap.classloading.PathTreeClassPathElement[io.smallrye.config:smallrye-config-common / runtime=true resources=null] to QuarkusClassLoader Quarkus Base Runtime ClassLoader: TEST for PaymentControllerTest (QuarkusTest)
2024-07-08 14:43:21,099 bbtmf-4ag171p4l JUnitStarter[93572] DEBUG [io.qua.boo.cla.QuarkusClassLoader] (main) Adding parent first element io.quarkus.bootstrap.classloading.PathTreeClassPathElement[org.jboss.logmanager:jboss-logmanager / runtime=true resources=null] to QuarkusClassLoader Quarkus Base Runtime ClassLoader: TEST for PaymentControllerTest (QuarkusTest)
2024-07-08 14:43:21,099 bbtmf-4ag171p4l JUnitStarter[93572] DEBUG [io.qua.boo.cla.QuarkusClassLoader] (main) Adding elements io.quarkus.bootstrap.classloading.PathTreeClassPathElement[org.jboss.logmanager:jboss-logmanager / runtime=true resources=null] to QuarkusClassLoader Quarkus Base Runtime ClassLoader: TEST for PaymentControllerTest (QuarkusTest)
2024-07-08 14:43:21,100 bbtmf-4ag171p4l JUnitStarter[93572] DEBUG [io.qua.boo.cla.QuarkusClassLoader] (main) Adding parent first element io.quarkus.bootstrap.classloading.PathTreeClassPathElement[io.smallrye.common:smallrye-common-cpu / runtime=true resources=null] to QuarkusClassLoader Quarkus Base Runtime ClassLoader: TEST for PaymentControllerTest (QuarkusTest)
2024-07-08 14:43:21,100 bbtmf-4ag171p4l JUnitStarter[93572] DEBUG [io.qua.boo.cla.QuarkusClassLoader] (main) Adding elements io.quarkus.bootstrap.classloading.PathTreeClassPathElement[io.smallrye.common:smallrye-common-cpu / runtime=true resources=null] to QuarkusClassLoader Quarkus Base Runtime ClassLoader: TEST for PaymentControllerTest (QuarkusTest)
2024-07-08 14:43:21,100 bbtmf-4ag171p4l JUnitStarter[93572] DEBUG [io.qua.boo.cla.QuarkusClassLoader] (main) Adding parent first element io.quarkus.bootstrap.classloading.PathTreeClassPathElement[io.smallrye.common:smallrye-common-expression / runtime=true resources=null] to QuarkusClassLoader Quarkus Base Runtime ClassLoader: TEST for PaymentControllerTest (QuarkusTest)
2024-07-08 14:43:21,100 bbtmf-4ag171p4l JUnitStarter[93572] DEBUG [io.qua.boo.cla.QuarkusClassLoader] (main) Adding elements io.quarkus.bootstrap.classloading.PathTreeClassPathElement[io.smallrye.common:smallrye-common-expression / runtime=true resources=null] to QuarkusClassLoader Quarkus Base Runtime ClassLoader: TEST for PaymentControllerTest (QuarkusTest)
2024-07-08 14:43:21,101 bbtmf-4ag171p4l JUnitStarter[93572] DEBUG [io.qua.boo.cla.QuarkusClassLoader] (main) Adding parent first element io.quarkus.bootstrap.classloading.PathTreeClassPathElement[io.smallrye.common:smallrye-common-function / runtime=true resources=null] to QuarkusClassLoader Quarkus Base Runtime ClassLoader: TEST for PaymentControllerTest (QuarkusTest)
2024-07-08 14:43:21,101 bbtmf-4ag171p4l JUnitStarter[93572] DEBUG [io.qua.boo.cla.QuarkusClassLoader] (main) Adding elements io.quarkus.bootstrap.classloading.PathTreeClassPathElement[io.smallrye.common:smallrye-common-function / runtime=true resources=null] to QuarkusClassLoader Quarkus Base Runtime ClassLoader: TEST for PaymentControllerTest (QuarkusTest)
2024-07-08 14:43:21,101 bbtmf-4ag171p4l JUnitStarter[93572] DEBUG [io.qua.boo.cla.QuarkusClassLoader] (main) Adding parent first element io.quarkus.bootstrap.classloading.PathTreeClassPathElement[io.smallrye.common:smallrye-common-net / runtime=true resources=null] to QuarkusClassLoader Quarkus Base Runtime ClassLoader: TEST for PaymentControllerTest (QuarkusTest)
2024-07-08 14:43:21,101 bbtmf-4ag171p4l JUnitStarter[93572] DEBUG [io.qua.boo.cla.QuarkusClassLoader] (main) Adding elements io.quarkus.bootstrap.classloading.PathTreeClassPathElement[io.smallrye.common:smallrye-common-net / runtime=true resources=null] to QuarkusClassLoader Quarkus Base Runtime ClassLoader: TEST for PaymentControllerTest (QuarkusTest)
2024-07-08 14:43:21,102 bbtmf-4ag171p4l JUnitStarter[93572] DEBUG [io.qua.boo.cla.QuarkusClassLoader] (main) Adding parent first element io.quarkus.bootstrap.classloading.PathTreeClassPathElement[io.smallrye.common:smallrye-common-ref / runtime=true resources=null] to QuarkusClassLoader Quarkus Base Runtime ClassLoader: TEST for PaymentControllerTest (QuarkusTest)
2024-07-08 14:43:21,102 bbtmf-4ag171p4l JUnitStarter[93572] DEBUG [io.qua.boo.cla.QuarkusClassLoader] (main) Adding elements io.quarkus.bootstrap.classloading.PathTreeClassPathElement[io.smallrye.common:smallrye-common-ref / runtime=true resources=null] to QuarkusClassLoader Quarkus Base Runtime ClassLoader: TEST for PaymentControllerTest (QuarkusTest)
2024-07-08 14:43:21,102 bbtmf-4ag171p4l JUnitStarter[93572] DEBUG [io.qua.boo.cla.QuarkusClassLoader] (main) Adding elements io.quarkus.bootstrap.classloading.PathTreeClassPathElement[org.jboss.logging:jboss-logging-annotations / runtime=true resources=null] to QuarkusClassLoader Quarkus Base Runtime ClassLoader: TEST for PaymentControllerTest (QuarkusTest)
2024-07-08 14:43:21,103 bbtmf-4ag171p4l JUnitStarter[93572] DEBUG [io.qua.boo.cla.QuarkusClassLoader] (main) Adding elements io.quarkus.bootstrap.classloading.PathTreeClassPathElement[org.jboss.threads:jboss-threads / runtime=true resources=null] to QuarkusClassLoader Quarkus Base Runtime ClassLoader: TEST for PaymentControllerTest (QuarkusTest)
2024-07-08 14:43:21,104 bbtmf-4ag171p4l JUnitStarter[93572] DEBUG [io.qua.boo.cla.QuarkusClassLoader] (main) Adding parent first element io.quarkus.bootstrap.classloading.PathTreeClassPathElement[org.slf4j:slf4j-api / runtime=true resources=null] to QuarkusClassLoader Quarkus Base Runtime ClassLoader: TEST for PaymentControllerTest (QuarkusTest)
2024-07-08 14:43:21,104 bbtmf-4ag171p4l JUnitStarter[93572] DEBUG [io.qua.boo.cla.QuarkusClassLoader] (main) Adding elements io.quarkus.bootstrap.classloading.PathTreeClassPathElement[org.slf4j:slf4j-api / runtime=true resources=null] to QuarkusClassLoader Quarkus Base Runtime ClassLoader: TEST for PaymentControllerTest (QuarkusTest)
2024-07-08 14:43:21,105 bbtmf-4ag171p4l JUnitStarter[93572] DEBUG [io.qua.boo.cla.QuarkusClassLoader] (main) Adding parent first element io.quarkus.bootstrap.classloading.PathTreeClassPathElement[org.jboss.slf4j:slf4j-jboss-logmanager / runtime=true resources=null] to QuarkusClassLoader Quarkus Base Runtime ClassLoader: TEST for PaymentControllerTest (QuarkusTest)
2024-07-08 14:43:21,105 bbtmf-4ag171p4l JUnitStarter[93572] DEBUG [io.qua.boo.cla.QuarkusClassLoader] (main) Adding elements io.quarkus.bootstrap.classloading.PathTreeClassPathElement[org.jboss.slf4j:slf4j-jboss-logmanager / runtime=true resources=null] to QuarkusClassLoader Quarkus Base Runtime ClassLoader: TEST for PaymentControllerTest (QuarkusTest)
2024-07-08 14:43:21,106 bbtmf-4ag171p4l JUnitStarter[93572] DEBUG [io.qua.boo.cla.QuarkusClassLoader] (main) Adding elements io.quarkus.bootstrap.classloading.PathTreeClassPathElement[org.wildfly.common:wildfly-common / runtime=true resources=null] to QuarkusClassLoader Quarkus Base Runtime ClassLoader: TEST for PaymentControllerTest (QuarkusTest)
2024-07-08 14:43:21,106 bbtmf-4ag171p4l JUnitStarter[93572] DEBUG [io.qua.boo.cla.QuarkusClassLoader] (main) Adding parent first element io.quarkus.bootstrap.classloading.PathTreeClassPathElement[io.quarkus:quarkus-bootstrap-runner / runtime=true resources=null] to QuarkusClassLoader Quarkus Base Runtime ClassLoader: TEST for PaymentControllerTest (QuarkusTest)
2024-07-08 14:43:21,107 bbtmf-4ag171p4l JUnitStarter[93572] DEBUG [io.qua.boo.cla.QuarkusClassLoader] (main) Adding elements io.quarkus.bootstrap.classloading.PathTreeClassPathElement[io.quarkus:quarkus-bootstrap-runner / runtime=true resources=null] to QuarkusClassLoader Quarkus Base Runtime ClassLoader: TEST for PaymentControllerTest (QuarkusTest)
2024-07-08 14:43:21,107 bbtmf-4ag171p4l JUnitStarter[93572] DEBUG [io.qua.boo.cla.QuarkusClassLoader] (main) Adding elements io.quarkus.bootstrap.classloading.PathTreeClassPathElement[io.quarkus:quarkus-fs-util / runtime=true resources=null] to QuarkusClassLoader Quarkus Base Runtime ClassLoader: TEST for PaymentControllerTest (QuarkusTest)
2024-07-08 14:43:21,108 bbtmf-4ag171p4l JUnitStarter[93572] DEBUG [io.qua.boo.cla.QuarkusClassLoader] (main) Adding elements io.quarkus.bootstrap.classloading.PathTreeClassPathElement[org.eclipse.microprofile.context-propagation:microprofile-context-propagation-api / runtime=true resources=null] to QuarkusClassLoader Quarkus Base Runtime ClassLoader: TEST for PaymentControllerTest (QuarkusTest)
2024-07-08 14:43:21,108 bbtmf-4ag171p4l JUnitStarter[93572] DEBUG [io.qua.boo.cla.QuarkusClassLoader] (main) Adding elements io.quarkus.bootstrap.classloading.PathTreeClassPathElement[io.quarkus:quarkus-hibernate-validator / runtime=true resources=null] to QuarkusClassLoader Quarkus Base Runtime ClassLoader: TEST for PaymentControllerTest (QuarkusTest)
2024-07-08 14:43:21,112 bbtmf-4ag171p4l JUnitStarter[93572] DEBUG [io.qua.boo.cla.QuarkusClassLoader] (main) Adding elements io.quarkus.bootstrap.classloading.PathTreeClassPathElement[org.hibernate.validator:hibernate-validator / runtime=true resources=null] to QuarkusClassLoader Quarkus Base Runtime ClassLoader: TEST for PaymentControllerTest (QuarkusTest)
2024-07-08 14:43:21,114 bbtmf-4ag171p4l JUnitStarter[93572] DEBUG [io.qua.boo.cla.QuarkusClassLoader] (main) Adding elements io.quarkus.bootstrap.classloading.PathTreeClassPathElement[com.fasterxml:classmate / runtime=true resources=null] to QuarkusClassLoader Quarkus Base Runtime ClassLoader: TEST for PaymentControllerTest (QuarkusTest)
2024-07-08 14:43:21,116 bbtmf-4ag171p4l JUnitStarter[93572] DEBUG [io.qua.boo.cla.QuarkusClassLoader] (main) Adding elements io.quarkus.bootstrap.classloading.PathTreeClassPathElement[org.glassfish.expressly:expressly / runtime=true resources=null] to QuarkusClassLoader Quarkus Base Runtime ClassLoader: TEST for PaymentControllerTest (QuarkusTest)
2024-07-08 14:43:21,117 bbtmf-4ag171p4l JUnitStarter[93572] DEBUG [io.qua.boo.cla.QuarkusClassLoader] (main) Adding elements io.quarkus.bootstrap.classloading.PathTreeClassPathElement[jakarta.el:jakarta.el-api / runtime=true resources=null] to QuarkusClassLoader Quarkus Base Runtime ClassLoader: TEST for PaymentControllerTest (QuarkusTest)
2024-07-08 14:43:21,118 bbtmf-4ag171p4l JUnitStarter[93572] DEBUG [io.qua.boo.cla.QuarkusClassLoader] (main) Adding elements io.quarkus.bootstrap.classloading.PathTreeClassPathElement[io.smallrye.config:smallrye-config-validator / runtime=true resources=null] to QuarkusClassLoader Quarkus Base Runtime ClassLoader: TEST for PaymentControllerTest (QuarkusTest)
2024-07-08 14:43:21,119 bbtmf-4ag171p4l JUnitStarter[93572] DEBUG [io.qua.boo.cla.QuarkusClassLoader] (main) Adding elements io.quarkus.bootstrap.classloading.PathTreeClassPathElement[jakarta.ws.rs:jakarta.ws.rs-api / runtime=true resources=null] to QuarkusClassLoader Quarkus Base Runtime ClassLoader: TEST for PaymentControllerTest (QuarkusTest)
2024-07-08 14:43:21,120 bbtmf-4ag171p4l JUnitStarter[93572] DEBUG [io.qua.boo.cla.QuarkusClassLoader] (main) Adding elements io.quarkus.bootstrap.classloading.PathTreeClassPathElement[io.quarkus:quarkus-hibernate-orm-panache / runtime=true resources=null] to QuarkusClassLoader Quarkus Base Runtime ClassLoader: TEST for PaymentControllerTest (QuarkusTest)
2024-07-08 14:43:21,121 bbtmf-4ag171p4l JUnitStarter[93572] DEBUG [io.qua.boo.cla.QuarkusClassLoader] (main) Adding elements io.quarkus.bootstrap.classloading.PathTreeClassPathElement[io.quarkus:quarkus-hibernate-orm-panache-common / runtime=true resources=null] to QuarkusClassLoader Quarkus Base Runtime ClassLoader: TEST for PaymentControllerTest (QuarkusTest)
2024-07-08 14:43:21,122 bbtmf-4ag171p4l JUnitStarter[93572] DEBUG [io.qua.boo.cla.QuarkusClassLoader] (main) Adding elements io.quarkus.bootstrap.classloading.PathTreeClassPathElement[io.quarkus:quarkus-panache-hibernate-common / runtime=true resources=null] to QuarkusClassLoader Quarkus Base Runtime ClassLoader: TEST for PaymentControllerTest (QuarkusTest)
2024-07-08 14:43:21,122 bbtmf-4ag171p4l JUnitStarter[93572] DEBUG [io.qua.boo.cla.QuarkusClassLoader] (main) Adding elements io.quarkus.bootstrap.classloading.PathTreeClassPathElement[io.quarkus:quarkus-panache-common / runtime=true resources=null] to QuarkusClassLoader Quarkus Base Runtime ClassLoader: TEST for PaymentControllerTest (QuarkusTest)
2024-07-08 14:43:21,125 bbtmf-4ag171p4l JUnitStarter[93572] DEBUG [io.qua.boo.cla.QuarkusClassLoader] (main) Adding elements io.quarkus.bootstrap.classloading.PathTreeClassPathElement[io.quarkus:quarkus-hibernate-orm / runtime=true resources=null] to QuarkusClassLoader Quarkus Base Runtime ClassLoader: TEST for PaymentControllerTest (QuarkusTest)
2024-07-08 14:43:21,126 bbtmf-4ag171p4l JUnitStarter[93572] DEBUG [io.qua.boo.cla.QuarkusClassLoader] (main) Adding elements io.quarkus.bootstrap.classloading.PathTreeClassPathElement[io.quarkus:quarkus-agroal / runtime=true resources=null] to QuarkusClassLoader Quarkus Base Runtime ClassLoader: TEST for PaymentControllerTest (QuarkusTest)
2024-07-08 14:43:21,127 bbtmf-4ag171p4l JUnitStarter[93572] DEBUG [io.qua.boo.cla.QuarkusClassLoader] (main) Adding elements io.quarkus.bootstrap.classloading.PathTreeClassPathElement[io.quarkus:quarkus-datasource / runtime=true resources=null] to QuarkusClassLoader Quarkus Base Runtime ClassLoader: TEST for PaymentControllerTest (QuarkusTest)
2024-07-08 14:43:21,127 bbtmf-4ag171p4l JUnitStarter[93572] DEBUG [io.qua.boo.cla.QuarkusClassLoader] (main) Adding elements io.quarkus.bootstrap.classloading.PathTreeClassPathElement[io.agroal:agroal-api / runtime=true resources=null] to QuarkusClassLoader Quarkus Base Runtime ClassLoader: TEST for PaymentControllerTest (QuarkusTest)
2024-07-08 14:43:21,128 bbtmf-4ag171p4l JUnitStarter[93572] DEBUG [io.qua.boo.cla.QuarkusClassLoader] (main) Adding elements io.quarkus.bootstrap.classloading.PathTreeClassPathElement[io.agroal:agroal-narayana / runtime=true resources=null] to QuarkusClassLoader Quarkus Base Runtime ClassLoader: TEST for PaymentControllerTest (QuarkusTest)
2024-07-08 14:43:21,128 bbtmf-4ag171p4l JUnitStarter[93572] DEBUG [io.qua.boo.cla.QuarkusClassLoader] (main) Adding elements io.quarkus.bootstrap.classloading.PathTreeClassPathElement[org.jboss:jboss-transaction-spi / runtime=true resources=null] to QuarkusClassLoader Quarkus Base Runtime ClassLoader: TEST for PaymentControllerTest (QuarkusTest)
2024-07-08 14:43:21,129 bbtmf-4ag171p4l JUnitStarter[93572] DEBUG [io.qua.boo.cla.QuarkusClassLoader] (main) Adding elements io.quarkus.bootstrap.classloading.PathTreeClassPathElement[io.agroal:agroal-pool / runtime=true resources=null] to QuarkusClassLoader Quarkus Base Runtime ClassLoader: TEST for PaymentControllerTest (QuarkusTest)
2024-07-08 14:43:21,129 bbtmf-4ag171p4l JUnitStarter[93572] DEBUG [io.qua.boo.cla.QuarkusClassLoader] (main) Adding elements io.quarkus.bootstrap.classloading.PathTreeClassPathElement[io.quarkus:quarkus-narayana-jta / runtime=true resources=null] to QuarkusClassLoader Quarkus Base Runtime ClassLoader: TEST for PaymentControllerTest (QuarkusTest)
2024-07-08 14:43:21,130 bbtmf-4ag171p4l JUnitStarter[93572] DEBUG [io.qua.boo.cla.QuarkusClassLoader] (main) Adding elements io.quarkus.bootstrap.classloading.PathTreeClassPathElement[io.quarkus:quarkus-transaction-annotations / runtime=true resources=null] to QuarkusClassLoader Quarkus Base Runtime ClassLoader: TEST for PaymentControllerTest (QuarkusTest)
2024-07-08 14:43:21,130 bbtmf-4ag171p4l JUnitStarter[93572] DEBUG [io.qua.boo.cla.QuarkusClassLoader] (main) Adding elements io.quarkus.bootstrap.classloading.PathTreeClassPathElement[io.quarkus:quarkus-datasource-common / runtime=true resources=null] to QuarkusClassLoader Quarkus Base Runtime ClassLoader: TEST for PaymentControllerTest (QuarkusTest)
2024-07-08 14:43:21,131 bbtmf-4ag171p4l JUnitStarter[93572] DEBUG [io.qua.boo.cla.QuarkusClassLoader] (main) Adding elements io.quarkus.bootstrap.classloading.PathTreeClassPathElement[io.smallrye:smallrye-context-propagation-jta / runtime=true resources=null] to QuarkusClassLoader Quarkus Base Runtime ClassLoader: TEST for PaymentControllerTest (QuarkusTest)
2024-07-08 14:43:21,132 bbtmf-4ag171p4l JUnitStarter[93572] DEBUG [io.qua.boo.cla.QuarkusClassLoader] (main) Adding elements io.quarkus.bootstrap.classloading.PathTreeClassPathElement[io.smallrye.reactive:smallrye-reactive-converter-api / runtime=true resources=null] to QuarkusClassLoader Quarkus Base Runtime ClassLoader: TEST for PaymentControllerTest (QuarkusTest)
2024-07-08 14:43:21,133 bbtmf-4ag171p4l JUnitStarter[93572] DEBUG [io.qua.boo.cla.QuarkusClassLoader] (main) Adding elements io.quarkus.bootstrap.classloading.PathTreeClassPathElement[org.reactivestreams:reactive-streams / runtime=true resources=null] to QuarkusClassLoader Quarkus Base Runtime ClassLoader: TEST for PaymentControllerTest (QuarkusTest)
2024-07-08 14:43:21,133 bbtmf-4ag171p4l JUnitStarter[93572] DEBUG [io.qua.boo.cla.QuarkusClassLoader] (main) Adding elements io.quarkus.bootstrap.classloading.PathTreeClassPathElement[io.smallrye.reactive:smallrye-reactive-converter-mutiny / runtime=true resources=null] to QuarkusClassLoader Quarkus Base Runtime ClassLoader: TEST for PaymentControllerTest (QuarkusTest)
2024-07-08 14:43:21,134 bbtmf-4ag171p4l JUnitStarter[93572] DEBUG [io.qua.boo.cla.QuarkusClassLoader] (main) Adding elements io.quarkus.bootstrap.classloading.PathTreeClassPathElement[io.smallrye.reactive:mutiny-zero-flow-adapters / runtime=true resources=null] to QuarkusClassLoader Quarkus Base Runtime ClassLoader: TEST for PaymentControllerTest (QuarkusTest)
2024-07-08 14:43:21,136 bbtmf-4ag171p4l JUnitStarter[93572] DEBUG [io.qua.boo.cla.QuarkusClassLoader] (main) Adding elements io.quarkus.bootstrap.classloading.PathTreeClassPathElement[org.jboss.narayana.jta:narayana-jta / runtime=true resources=null] to QuarkusClassLoader Quarkus Base Runtime ClassLoader: TEST for PaymentControllerTest (QuarkusTest)
2024-07-08 14:43:21,137 bbtmf-4ag171p4l JUnitStarter[93572] DEBUG [io.qua.boo.cla.QuarkusClassLoader] (main) Adding elements io.quarkus.bootstrap.classloading.PathTreeClassPathElement[jakarta.resource:jakarta.resource-api / runtime=true resources=null] to QuarkusClassLoader Quarkus Base Runtime ClassLoader: TEST for PaymentControllerTest (QuarkusTest)
2024-07-08 14:43:21,139 bbtmf-4ag171p4l JUnitStarter[93572] DEBUG [io.qua.boo.cla.QuarkusClassLoader] (main) Adding elements io.quarkus.bootstrap.classloading.PathTreeClassPathElement[org.jboss.invocation:jboss-invocation / runtime=true resources=null] to QuarkusClassLoader Quarkus Base Runtime ClassLoader: TEST for PaymentControllerTest (QuarkusTest)
2024-07-08 14:43:21,142 bbtmf-4ag171p4l JUnitStarter[93572] DEBUG [io.qua.boo.cla.QuarkusClassLoader] (main) Adding elements io.quarkus.bootstrap.classloading.PathTreeClassPathElement[org.eclipse.microprofile.reactive-streams-operators:microprofile-reactive-streams-operators-api / runtime=true resources=null] to QuarkusClassLoader Quarkus Base Runtime ClassLoader: TEST for PaymentControllerTest (QuarkusTest)
2024-07-08 14:43:21,144 bbtmf-4ag171p4l JUnitStarter[93572] DEBUG [io.qua.boo.cla.QuarkusClassLoader] (main) Adding elements io.quarkus.bootstrap.classloading.PathTreeClassPathElement[org.jboss.narayana.jts:narayana-jts-integration / runtime=true resources=null] to QuarkusClassLoader Quarkus Base Runtime ClassLoader: TEST for PaymentControllerTest (QuarkusTest)
2024-07-08 14:43:21,158 bbtmf-4ag171p4l JUnitStarter[93572] DEBUG [io.qua.boo.cla.QuarkusClassLoader] (main) Adding elements io.quarkus.bootstrap.classloading.PathTreeClassPathElement[org.hibernate.orm:hibernate-core / runtime=true resources=null] to QuarkusClassLoader Quarkus Base Runtime ClassLoader: TEST for PaymentControllerTest (QuarkusTest)
2024-07-08 14:43:21,160 bbtmf-4ag171p4l JUnitStarter[93572] DEBUG [io.qua.boo.cla.QuarkusClassLoader] (main) Adding elements io.quarkus.bootstrap.classloading.PathTreeClassPathElement[org.antlr:antlr4-runtime / runtime=true resources=null] to QuarkusClassLoader Quarkus Base Runtime ClassLoader: TEST for PaymentControllerTest (QuarkusTest)
2024-07-08 14:43:21,169 bbtmf-4ag171p4l JUnitStarter[93572] DEBUG [io.qua.boo.cla.QuarkusClassLoader] (main) Adding parent first element io.quarkus.bootstrap.classloading.PathTreeClassPathElement[net.bytebuddy:byte-buddy / runtime=true resources=null] to QuarkusClassLoader Quarkus Base Runtime ClassLoader: TEST for PaymentControllerTest (QuarkusTest)
2024-07-08 14:43:21,170 bbtmf-4ag171p4l JUnitStarter[93572] DEBUG [io.qua.boo.cla.QuarkusClassLoader] (main) Adding elements io.quarkus.bootstrap.classloading.PathTreeClassPathElement[net.bytebuddy:byte-buddy / runtime=true resources=null] to QuarkusClassLoader Quarkus Base Runtime ClassLoader: TEST for PaymentControllerTest (QuarkusTest)
2024-07-08 14:43:21,173 bbtmf-4ag171p4l JUnitStarter[93572] DEBUG [io.qua.boo.cla.QuarkusClassLoader] (main) Adding elements io.quarkus.bootstrap.classloading.PathTreeClassPathElement[org.hibernate.common:hibernate-commons-annotations / runtime=true resources=null] to QuarkusClassLoader Quarkus Base Runtime ClassLoader: TEST for PaymentControllerTest (QuarkusTest)
2024-07-08 14:43:21,178 bbtmf-4ag171p4l JUnitStarter[93572] DEBUG [io.qua.boo.cla.QuarkusClassLoader] (main) Adding elements io.quarkus.bootstrap.classloading.PathTreeClassPathElement[org.hibernate.orm:hibernate-graalvm / runtime=true resources=null] to QuarkusClassLoader Quarkus Base Runtime ClassLoader: TEST for PaymentControllerTest (QuarkusTest)
2024-07-08 14:43:21,188 bbtmf-4ag171p4l JUnitStarter[93572] DEBUG [io.qua.boo.cla.QuarkusClassLoader] (main) Adding elements io.quarkus.bootstrap.classloading.PathTreeClassPathElement[org.glassfish.jaxb:jaxb-runtime / runtime=true resources=null] to QuarkusClassLoader Quarkus Base Runtime ClassLoader: TEST for PaymentControllerTest (QuarkusTest)
2024-07-08 14:43:21,191 bbtmf-4ag171p4l JUnitStarter[93572] DEBUG [io.qua.boo.cla.QuarkusClassLoader] (main) Adding elements io.quarkus.bootstrap.classloading.PathTreeClassPathElement[org.glassfish.jaxb:jaxb-core / runtime=true resources=null] to QuarkusClassLoader Quarkus Base Runtime ClassLoader: TEST for PaymentControllerTest (QuarkusTest)
2024-07-08 14:43:21,194 bbtmf-4ag171p4l JUnitStarter[93572] DEBUG [io.qua.boo.cla.QuarkusClassLoader] (main) Adding elements io.quarkus.bootstrap.classloading.PathTreeClassPathElement[org.glassfish.jaxb:txw2 / runtime=true resources=null] to QuarkusClassLoader Quarkus Base Runtime ClassLoader: TEST for PaymentControllerTest (QuarkusTest)
2024-07-08 14:43:21,195 bbtmf-4ag171p4l JUnitStarter[93572] DEBUG [io.qua.boo.cla.QuarkusClassLoader] (main) Adding elements io.quarkus.bootstrap.classloading.PathTreeClassPathElement[com.sun.istack:istack-commons-runtime / runtime=true resources=null] to QuarkusClassLoader Quarkus Base Runtime ClassLoader: TEST for PaymentControllerTest (QuarkusTest)
2024-07-08 14:43:21,196 bbtmf-4ag171p4l JUnitStarter[93572] DEBUG [io.qua.boo.cla.QuarkusClassLoader] (main) Adding elements io.quarkus.bootstrap.classloading.PathTreeClassPathElement[jakarta.xml.bind:jakarta.xml.bind-api / runtime=true resources=null] to QuarkusClassLoader Quarkus Base Runtime ClassLoader: TEST for PaymentControllerTest (QuarkusTest)
2024-07-08 14:43:21,198 bbtmf-4ag171p4l JUnitStarter[93572] DEBUG [io.qua.boo.cla.QuarkusClassLoader] (main) Adding elements io.quarkus.bootstrap.classloading.PathTreeClassPathElement[jakarta.activation:jakarta.activation-api / runtime=true resources=null] to QuarkusClassLoader Quarkus Base Runtime ClassLoader: TEST for PaymentControllerTest (QuarkusTest)
2024-07-08 14:43:21,199 bbtmf-4ag171p4l JUnitStarter[93572] DEBUG [io.qua.boo.cla.QuarkusClassLoader] (main) Adding elements io.quarkus.bootstrap.classloading.PathTreeClassPathElement[jakarta.persistence:jakarta.persistence-api / runtime=true resources=null] to QuarkusClassLoader Quarkus Base Runtime ClassLoader: TEST for PaymentControllerTest (QuarkusTest)
2024-07-08 14:43:21,200 bbtmf-4ag171p4l JUnitStarter[93572] DEBUG [io.qua.boo.cla.QuarkusClassLoader] (main) Adding elements io.quarkus.bootstrap.classloading.PathTreeClassPathElement[jakarta.transaction:jakarta.transaction-api / runtime=true resources=null] to QuarkusClassLoader Quarkus Base Runtime ClassLoader: TEST for PaymentControllerTest (QuarkusTest)
2024-07-08 14:43:21,201 bbtmf-4ag171p4l JUnitStarter[93572] DEBUG [io.qua.boo.cla.QuarkusClassLoader] (main) Adding elements io.quarkus.bootstrap.classloading.PathTreeClassPathElement[org.hibernate:quarkus-local-cache / runtime=true resources=null] to QuarkusClassLoader Quarkus Base Runtime ClassLoader: TEST for PaymentControllerTest (QuarkusTest)
2024-07-08 14:43:21,202 bbtmf-4ag171p4l JUnitStarter[93572] DEBUG [io.qua.boo.cla.QuarkusClassLoader] (main) Adding elements io.quarkus.bootstrap.classloading.PathTreeClassPathElement[io.quarkus:quarkus-caffeine / runtime=true resources=null] to QuarkusClassLoader Quarkus Base Runtime ClassLoader: TEST for PaymentControllerTest (QuarkusTest)
2024-07-08 14:43:21,203 bbtmf-4ag171p4l JUnitStarter[93572] DEBUG [io.qua.boo.cla.QuarkusClassLoader] (main) Adding elements io.quarkus.bootstrap.classloading.PathTreeClassPathElement[com.github.ben-manes.caffeine:caffeine / runtime=true resources=null] to QuarkusClassLoader Quarkus Base Runtime ClassLoader: TEST for PaymentControllerTest (QuarkusTest)
2024-07-08 14:43:21,204 bbtmf-4ag171p4l JUnitStarter[93572] DEBUG [io.qua.boo.cla.QuarkusClassLoader] (main) Adding elements io.quarkus.bootstrap.classloading.PathTreeClassPathElement[com.google.errorprone:error_prone_annotations / runtime=true resources=null] to QuarkusClassLoader Quarkus Base Runtime ClassLoader: TEST for PaymentControllerTest (QuarkusTest)
2024-07-08 14:43:21,205 bbtmf-4ag171p4l JUnitStarter[93572] DEBUG [io.qua.boo.cla.QuarkusClassLoader] (main) Adding elements io.quarkus.bootstrap.classloading.PathTreeClassPathElement[io.quarkus:quarkus-jdbc-h2 / runtime=true resources=null] to QuarkusClassLoader Quarkus Base Runtime ClassLoader: TEST for PaymentControllerTest (QuarkusTest)
2024-07-08 14:43:21,206 bbtmf-4ag171p4l JUnitStarter[93572] DEBUG [io.qua.boo.cla.QuarkusClassLoader] (main) Adding parent first element io.quarkus.bootstrap.classloading.PathTreeClassPathElement[com.h2database:h2 / runtime=true resources=null] to QuarkusClassLoader Quarkus Base Runtime ClassLoader: TEST for PaymentControllerTest (QuarkusTest)
2024-07-08 14:43:21,206 bbtmf-4ag171p4l JUnitStarter[93572] DEBUG [io.qua.boo.cla.QuarkusClassLoader] (main) Adding elements io.quarkus.bootstrap.classloading.PathTreeClassPathElement[com.h2database:h2 / runtime=true resources=null] to QuarkusClassLoader Quarkus Base Runtime ClassLoader: TEST for PaymentControllerTest (QuarkusTest)
2024-07-08 14:43:21,207 bbtmf-4ag171p4l JUnitStarter[93572] DEBUG [io.qua.boo.cla.QuarkusClassLoader] (main) Adding elements io.quarkus.bootstrap.classloading.PathTreeClassPathElement[org.locationtech.jts:jts-core / runtime=true resources=null] to QuarkusClassLoader Quarkus Base Runtime ClassLoader: TEST for PaymentControllerTest (QuarkusTest)
2024-07-08 14:43:21,208 bbtmf-4ag171p4l JUnitStarter[93572] DEBUG [io.qua.boo.cla.QuarkusClassLoader] (main) Adding elements io.quarkus.bootstrap.classloading.PathTreeClassPathElement[io.quarkus:quarkus-resteasy-jsonb / runtime=true resources=null] to QuarkusClassLoader Quarkus Base Runtime ClassLoader: TEST for PaymentControllerTest (QuarkusTest)
2024-07-08 14:43:21,209 bbtmf-4ag171p4l JUnitStarter[93572] DEBUG [io.qua.boo.cla.QuarkusClassLoader] (main) Adding elements io.quarkus.bootstrap.classloading.PathTreeClassPathElement[io.quarkus:quarkus-jsonb / runtime=true resources=null] to QuarkusClassLoader Quarkus Base Runtime ClassLoader: TEST for PaymentControllerTest (QuarkusTest)
2024-07-08 14:43:21,211 bbtmf-4ag171p4l JUnitStarter[93572] DEBUG [io.qua.boo.cla.QuarkusClassLoader] (main) Adding elements io.quarkus.bootstrap.classloading.PathTreeClassPathElement[org.eclipse:yasson / runtime=true resources=null] to QuarkusClassLoader Quarkus Base Runtime ClassLoader: TEST for PaymentControllerTest (QuarkusTest)
2024-07-08 14:43:21,212 bbtmf-4ag171p4l JUnitStarter[93572] DEBUG [io.qua.boo.cla.QuarkusClassLoader] (main) Adding elements io.quarkus.bootstrap.classloading.PathTreeClassPathElement[io.quarkus:quarkus-jsonp / runtime=true resources=null] to QuarkusClassLoader Quarkus Base Runtime ClassLoader: TEST for PaymentControllerTest (QuarkusTest)
2024-07-08 14:43:21,212 bbtmf-4ag171p4l JUnitStarter[93572] DEBUG [io.qua.boo.cla.QuarkusClassLoader] (main) Adding elements io.quarkus.bootstrap.classloading.PathTreeClassPathElement[org.jboss.resteasy:resteasy-json-binding-provider / runtime=true resources=null] to QuarkusClassLoader Quarkus Base Runtime ClassLoader: TEST for PaymentControllerTest (QuarkusTest)
2024-07-08 14:43:21,213 bbtmf-4ag171p4l JUnitStarter[93572] DEBUG [io.qua.boo.cla.QuarkusClassLoader] (main) Adding parent first element io.quarkus.bootstrap.classloading.PathTreeClassPathElement[org.eclipse.parsson:parsson / runtime=true resources=null] to QuarkusClassLoader Quarkus Base Runtime ClassLoader: TEST for PaymentControllerTest (QuarkusTest)
2024-07-08 14:43:21,213 bbtmf-4ag171p4l JUnitStarter[93572] DEBUG [io.qua.boo.cla.QuarkusClassLoader] (main) Adding elements io.quarkus.bootstrap.classloading.PathTreeClassPathElement[org.eclipse.parsson:parsson / runtime=true resources=null] to QuarkusClassLoader Quarkus Base Runtime ClassLoader: TEST for PaymentControllerTest (QuarkusTest)
2024-07-08 14:43:21,213 bbtmf-4ag171p4l JUnitStarter[93572] DEBUG [io.qua.boo.cla.QuarkusClassLoader] (main) Adding elements io.quarkus.bootstrap.classloading.PathTreeClassPathElement[jakarta.json.bind:jakarta.json.bind-api / runtime=true resources=null] to QuarkusClassLoader Quarkus Base Runtime ClassLoader: TEST for PaymentControllerTest (QuarkusTest)
2024-07-08 14:43:21,214 bbtmf-4ag171p4l JUnitStarter[93572] DEBUG [io.qua.boo.cla.QuarkusClassLoader] (main) Adding elements io.quarkus.bootstrap.classloading.PathTreeClassPathElement[org.jboss.resteasy:resteasy-json-p-provider / runtime=true resources=null] to QuarkusClassLoader Quarkus Base Runtime ClassLoader: TEST for PaymentControllerTest (QuarkusTest)
2024-07-08 14:43:21,214 bbtmf-4ag171p4l JUnitStarter[93572] DEBUG [io.qua.boo.cla.QuarkusClassLoader] (main) Adding parent first element io.quarkus.bootstrap.classloading.PathTreeClassPathElement[jakarta.json:jakarta.json-api / runtime=true resources=null] to QuarkusClassLoader Quarkus Base Runtime ClassLoader: TEST for PaymentControllerTest (QuarkusTest)
2024-07-08 14:43:21,214 bbtmf-4ag171p4l JUnitStarter[93572] DEBUG [io.qua.boo.cla.QuarkusClassLoader] (main) Adding elements io.quarkus.bootstrap.classloading.PathTreeClassPathElement[jakarta.json:jakarta.json-api / runtime=true resources=null] to QuarkusClassLoader Quarkus Base Runtime ClassLoader: TEST for PaymentControllerTest (QuarkusTest)
2024-07-08 14:43:21,215 bbtmf-4ag171p4l JUnitStarter[93572] DEBUG [io.qua.boo.cla.QuarkusClassLoader] (main) Adding elements io.quarkus.bootstrap.classloading.PathTreeClassPathElement[commons-io:commons-io / runtime=true resources=null] to QuarkusClassLoader Quarkus Base Runtime ClassLoader: TEST for PaymentControllerTest (QuarkusTest)
2024-07-08 14:43:21,215 bbtmf-4ag171p4l JUnitStarter[93572] DEBUG [io.qua.boo.cla.QuarkusClassLoader] (main) Adding elements io.quarkus.bootstrap.classloading.PathTreeClassPathElement[io.quarkus:quarkus-jdbc-postgresql / runtime=true resources=null] to QuarkusClassLoader Quarkus Base Runtime ClassLoader: TEST for PaymentControllerTest (QuarkusTest)
2024-07-08 14:43:21,216 bbtmf-4ag171p4l JUnitStarter[93572] DEBUG [io.qua.boo.cla.QuarkusClassLoader] (main) Adding parent first element io.quarkus.bootstrap.classloading.PathTreeClassPathElement[org.postgresql:postgresql / runtime=true resources=null] to QuarkusClassLoader Quarkus Base Runtime ClassLoader: TEST for PaymentControllerTest (QuarkusTest)
2024-07-08 14:43:21,216 bbtmf-4ag171p4l JUnitStarter[93572] DEBUG [io.qua.boo.cla.QuarkusClassLoader] (main) Adding elements io.quarkus.bootstrap.classloading.PathTreeClassPathElement[org.postgresql:postgresql / runtime=true resources=null] to QuarkusClassLoader Quarkus Base Runtime ClassLoader: TEST for PaymentControllerTest (QuarkusTest)
2024-07-08 14:43:21,216 bbtmf-4ag171p4l JUnitStarter[93572] DEBUG [io.qua.boo.cla.QuarkusClassLoader] (main) Adding elements io.quarkus.bootstrap.classloading.PathTreeClassPathElement[io.quarkus:quarkus-smallrye-openapi / runtime=true resources=null] to QuarkusClassLoader Quarkus Base Runtime ClassLoader: TEST for PaymentControllerTest (QuarkusTest)
2024-07-08 14:43:21,217 bbtmf-4ag171p4l JUnitStarter[93572] DEBUG [io.qua.boo.cla.QuarkusClassLoader] (main) Adding elements io.quarkus.bootstrap.classloading.PathTreeClassPathElement[io.smallrye:smallrye-open-api-core / runtime=true resources=null] to QuarkusClassLoader Quarkus Base Runtime ClassLoader: TEST for PaymentControllerTest (QuarkusTest)
2024-07-08 14:43:21,217 bbtmf-4ag171p4l JUnitStarter[93572] DEBUG [io.qua.boo.cla.QuarkusClassLoader] (main) Adding elements io.quarkus.bootstrap.classloading.PathTreeClassPathElement[org.eclipse.microprofile.openapi:microprofile-openapi-api / runtime=true resources=null] to QuarkusClassLoader Quarkus Base Runtime ClassLoader: TEST for PaymentControllerTest (QuarkusTest)
2024-07-08 14:43:21,217 bbtmf-4ag171p4l JUnitStarter[93572] DEBUG [io.qua.boo.cla.QuarkusClassLoader] (main) Adding elements io.quarkus.bootstrap.classloading.PathTreeClassPathElement[org.eclipse.microprofile.config:microprofile-config-api / runtime=true resources=null] to QuarkusClassLoader Quarkus Base Runtime ClassLoader: TEST for PaymentControllerTest (QuarkusTest)
2024-07-08 14:43:21,218 bbtmf-4ag171p4l JUnitStarter[93572] DEBUG [io.qua.boo.cla.QuarkusClassLoader] (main) Adding elements io.quarkus.bootstrap.classloading.PathTreeClassPathElement[com.fasterxml.jackson.core:jackson-core / runtime=true resources=null] to QuarkusClassLoader Quarkus Base Runtime ClassLoader: TEST for PaymentControllerTest (QuarkusTest)
2024-07-08 14:43:21,219 bbtmf-4ag171p4l JUnitStarter[93572] DEBUG [io.qua.boo.cla.QuarkusClassLoader] (main) Adding elements io.quarkus.bootstrap.classloading.PathTreeClassPathElement[com.fasterxml.jackson.core:jackson-databind / runtime=true resources=null] to QuarkusClassLoader Quarkus Base Runtime ClassLoader: TEST for PaymentControllerTest (QuarkusTest)
2024-07-08 14:43:21,219 bbtmf-4ag171p4l JUnitStarter[93572] DEBUG [io.qua.boo.cla.QuarkusClassLoader] (main) Adding elements io.quarkus.bootstrap.classloading.PathTreeClassPathElement[com.fasterxml.jackson.core:jackson-annotations / runtime=true resources=null] to QuarkusClassLoader Quarkus Base Runtime ClassLoader: TEST for PaymentControllerTest (QuarkusTest)
2024-07-08 14:43:21,219 bbtmf-4ag171p4l JUnitStarter[93572] DEBUG [io.qua.boo.cla.QuarkusClassLoader] (main) Adding elements io.quarkus.bootstrap.classloading.PathTreeClassPathElement[com.fasterxml.jackson.dataformat:jackson-dataformat-yaml / runtime=true resources=null] to QuarkusClassLoader Quarkus Base Runtime ClassLoader: TEST for PaymentControllerTest (QuarkusTest)
2024-07-08 14:43:21,220 bbtmf-4ag171p4l JUnitStarter[93572] DEBUG [io.qua.boo.cla.QuarkusClassLoader] (main) Adding elements io.quarkus.bootstrap.classloading.PathTreeClassPathElement[org.yaml:snakeyaml / runtime=true resources=null] to QuarkusClassLoader Quarkus Base Runtime ClassLoader: TEST for PaymentControllerTest (QuarkusTest)
2024-07-08 14:43:21,221 bbtmf-4ag171p4l JUnitStarter[93572] DEBUG [io.qua.boo.cla.QuarkusClassLoader] (main) Adding elements io.quarkus.bootstrap.classloading.PathTreeClassPathElement[io.smallrye:jandex / runtime=true resources=null] to QuarkusClassLoader Quarkus Base Runtime ClassLoader: TEST for PaymentControllerTest (QuarkusTest)
2024-07-08 14:43:21,222 bbtmf-4ag171p4l JUnitStarter[93572] DEBUG [io.qua.boo.cla.QuarkusClassLoader] (main) Adding elements io.quarkus.bootstrap.classloading.PathTreeClassPathElement[io.quarkus:quarkus-swagger-ui / runtime=true resources=null] to QuarkusClassLoader Quarkus Base Runtime ClassLoader: TEST for PaymentControllerTest (QuarkusTest)
2024-07-08 14:43:21,222 bbtmf-4ag171p4l JUnitStarter[93572] DEBUG [io.qua.boo.cla.QuarkusClassLoader] (main) Adding elements io.quarkus.bootstrap.classloading.PathTreeClassPathElement[io.quarkus:quarkus-junit5 / runtime=true resources=null] to QuarkusClassLoader Quarkus Base Runtime ClassLoader: TEST for PaymentControllerTest (QuarkusTest)
2024-07-08 14:43:21,223 bbtmf-4ag171p4l JUnitStarter[93572] DEBUG [io.qua.boo.cla.QuarkusClassLoader] (main) Adding parent first element io.quarkus.bootstrap.classloading.PathTreeClassPathElement[io.quarkus:quarkus-bootstrap-core / runtime=true resources=null] to QuarkusClassLoader Quarkus Base Runtime ClassLoader: TEST for PaymentControllerTest (QuarkusTest)
2024-07-08 14:43:21,224 bbtmf-4ag171p4l JUnitStarter[93572] DEBUG [io.qua.boo.cla.QuarkusClassLoader] (main) Adding elements io.quarkus.bootstrap.classloading.PathTreeClassPathElement[io.quarkus:quarkus-bootstrap-core / runtime=true resources=null] to QuarkusClassLoader Quarkus Base Runtime ClassLoader: TEST for PaymentControllerTest (QuarkusTest)
2024-07-08 14:43:21,224 bbtmf-4ag171p4l JUnitStarter[93572] DEBUG [io.qua.boo.cla.QuarkusClassLoader] (main) Adding parent first element io.quarkus.bootstrap.classloading.PathTreeClassPathElement[io.quarkus:quarkus-bootstrap-app-model / runtime=true resources=null] to QuarkusClassLoader Quarkus Base Runtime ClassLoader: TEST for PaymentControllerTest (QuarkusTest)
2024-07-08 14:43:21,225 bbtmf-4ag171p4l JUnitStarter[93572] DEBUG [io.qua.boo.cla.QuarkusClassLoader] (main) Adding elements io.quarkus.bootstrap.classloading.PathTreeClassPathElement[io.quarkus:quarkus-bootstrap-app-model / runtime=true resources=null] to QuarkusClassLoader Quarkus Base Runtime ClassLoader: TEST for PaymentControllerTest (QuarkusTest)
2024-07-08 14:43:21,225 bbtmf-4ag171p4l JUnitStarter[93572] DEBUG [io.qua.boo.cla.QuarkusClassLoader] (main) Adding parent first element io.quarkus.bootstrap.classloading.PathTreeClassPathElement[io.smallrye.common:smallrye-common-io / runtime=true resources=null] to QuarkusClassLoader Quarkus Base Runtime ClassLoader: TEST for PaymentControllerTest (QuarkusTest)
2024-07-08 14:43:21,226 bbtmf-4ag171p4l JUnitStarter[93572] DEBUG [io.qua.boo.cla.QuarkusClassLoader] (main) Adding elements io.quarkus.bootstrap.classloading.PathTreeClassPathElement[io.smallrye.common:smallrye-common-io / runtime=true resources=null] to QuarkusClassLoader Quarkus Base Runtime ClassLoader: TEST for PaymentControllerTest (QuarkusTest)
2024-07-08 14:43:21,226 bbtmf-4ag171p4l JUnitStarter[93572] DEBUG [io.qua.boo.cla.QuarkusClassLoader] (main) Adding elements io.quarkus.bootstrap.classloading.PathTreeClassPathElement[org.eclipse.sisu:org.eclipse.sisu.inject / runtime=true resources=null] to QuarkusClassLoader Quarkus Base Runtime ClassLoader: TEST for PaymentControllerTest (QuarkusTest)
2024-07-08 14:43:21,227 bbtmf-4ag171p4l JUnitStarter[93572] DEBUG [io.qua.boo.cla.QuarkusClassLoader] (main) Adding elements io.quarkus.bootstrap.classloading.PathTreeClassPathElement[io.quarkus:quarkus-test-common / runtime=true resources=null] to QuarkusClassLoader Quarkus Base Runtime ClassLoader: TEST for PaymentControllerTest (QuarkusTest)
2024-07-08 14:43:21,228 bbtmf-4ag171p4l JUnitStarter[93572] DEBUG [io.qua.boo.cla.QuarkusClassLoader] (main) Adding elements io.quarkus.bootstrap.classloading.PathTreeClassPathElement[io.quarkus:quarkus-core-deployment / runtime=true resources=null] to QuarkusClassLoader Quarkus Base Runtime ClassLoader: TEST for PaymentControllerTest (QuarkusTest)
2024-07-08 14:43:21,231 bbtmf-4ag171p4l JUnitStarter[93572] DEBUG [io.qua.boo.cla.QuarkusClassLoader] (main) Adding elements io.quarkus.bootstrap.classloading.PathTreeClassPathElement[org.aesh:readline / runtime=true resources=null] to QuarkusClassLoader Quarkus Base Runtime ClassLoader: TEST for PaymentControllerTest (QuarkusTest)
2024-07-08 14:43:21,232 bbtmf-4ag171p4l JUnitStarter[93572] DEBUG [io.qua.boo.cla.QuarkusClassLoader] (main) Adding elements io.quarkus.bootstrap.classloading.PathTreeClassPathElement[org.fusesource.jansi:jansi / runtime=true resources=null] to QuarkusClassLoader Quarkus Base Runtime ClassLoader: TEST for PaymentControllerTest (QuarkusTest)
2024-07-08 14:43:21,234 bbtmf-4ag171p4l JUnitStarter[93572] DEBUG [io.qua.boo.cla.QuarkusClassLoader] (main) Adding elements io.quarkus.bootstrap.classloading.PathTreeClassPathElement[org.aesh:aesh / runtime=true resources=null] to QuarkusClassLoader Quarkus Base Runtime ClassLoader: TEST for PaymentControllerTest (QuarkusTest)
2024-07-08 14:43:21,234 bbtmf-4ag171p4l JUnitStarter[93572] DEBUG [io.qua.boo.cla.QuarkusClassLoader] (main) Adding elements io.quarkus.bootstrap.classloading.PathTreeClassPathElement[io.quarkus.gizmo:gizmo / runtime=true resources=null] to QuarkusClassLoader Quarkus Base Runtime ClassLoader: TEST for PaymentControllerTest (QuarkusTest)
2024-07-08 14:43:21,235 bbtmf-4ag171p4l JUnitStarter[93572] DEBUG [io.qua.boo.cla.QuarkusClassLoader] (main) Adding elements io.quarkus.bootstrap.classloading.PathTreeClassPathElement[org.ow2.asm:asm-util / runtime=true resources=null] to QuarkusClassLoader Quarkus Base Runtime ClassLoader: TEST for PaymentControllerTest (QuarkusTest)
2024-07-08 14:43:21,235 bbtmf-4ag171p4l JUnitStarter[93572] DEBUG [io.qua.boo.cla.QuarkusClassLoader] (main) Adding elements io.quarkus.bootstrap.classloading.PathTreeClassPathElement[org.ow2.asm:asm-analysis / runtime=true resources=null] to QuarkusClassLoader Quarkus Base Runtime ClassLoader: TEST for PaymentControllerTest (QuarkusTest)
2024-07-08 14:43:21,236 bbtmf-4ag171p4l JUnitStarter[93572] DEBUG [io.qua.boo.cla.QuarkusClassLoader] (main) Adding elements io.quarkus.bootstrap.classloading.PathTreeClassPathElement[org.ow2.asm:asm / runtime=true resources=null] to QuarkusClassLoader Quarkus Base Runtime ClassLoader: TEST for PaymentControllerTest (QuarkusTest)
2024-07-08 14:43:21,237 bbtmf-4ag171p4l JUnitStarter[93572] DEBUG [io.qua.boo.cla.QuarkusClassLoader] (main) Adding elements io.quarkus.bootstrap.classloading.PathTreeClassPathElement[org.ow2.asm:asm-commons / runtime=true resources=null] to QuarkusClassLoader Quarkus Base Runtime ClassLoader: TEST for PaymentControllerTest (QuarkusTest)
2024-07-08 14:43:21,237 bbtmf-4ag171p4l JUnitStarter[93572] DEBUG [io.qua.boo.cla.QuarkusClassLoader] (main) Adding elements io.quarkus.bootstrap.classloading.PathTreeClassPathElement[org.ow2.asm:asm-tree / runtime=true resources=null] to QuarkusClassLoader Quarkus Base Runtime ClassLoader: TEST for PaymentControllerTest (QuarkusTest)
2024-07-08 14:43:21,238 bbtmf-4ag171p4l JUnitStarter[93572] DEBUG [io.qua.boo.cla.QuarkusClassLoader] (main) Adding parent first element io.quarkus.bootstrap.classloading.PathTreeClassPathElement[io.quarkus:quarkus-class-change-agent / runtime=true resources=null] to QuarkusClassLoader Quarkus Base Runtime ClassLoader: TEST for PaymentControllerTest (QuarkusTest)
2024-07-08 14:43:21,238 bbtmf-4ag171p4l JUnitStarter[93572] DEBUG [io.qua.boo.cla.QuarkusClassLoader] (main) Adding elements io.quarkus.bootstrap.classloading.PathTreeClassPathElement[io.quarkus:quarkus-class-change-agent / runtime=true resources=null] to QuarkusClassLoader Quarkus Base Runtime ClassLoader: TEST for PaymentControllerTest (QuarkusTest)
2024-07-08 14:43:21,239 bbtmf-4ag171p4l JUnitStarter[93572] DEBUG [io.qua.boo.cla.QuarkusClassLoader] (main) Adding elements io.quarkus.bootstrap.classloading.PathTreeClassPathElement[io.quarkus:quarkus-devtools-utilities / runtime=true resources=null] to QuarkusClassLoader Quarkus Base Runtime ClassLoader: TEST for PaymentControllerTest (QuarkusTest)
2024-07-08 14:43:21,240 bbtmf-4ag171p4l JUnitStarter[93572] DEBUG [io.qua.boo.cla.QuarkusClassLoader] (main) Adding elements io.quarkus.bootstrap.classloading.PathTreeClassPathElement[io.quarkus:quarkus-builder / runtime=true resources=null] to QuarkusClassLoader Quarkus Base Runtime ClassLoader: TEST for PaymentControllerTest (QuarkusTest)
2024-07-08 14:43:21,241 bbtmf-4ag171p4l JUnitStarter[93572] DEBUG [io.qua.boo.cla.QuarkusClassLoader] (main) Adding parent first element io.quarkus.bootstrap.classloading.PathTreeClassPathElement[org.graalvm.sdk:nativeimage / runtime=true resources=null] to QuarkusClassLoader Quarkus Base Runtime ClassLoader: TEST for PaymentControllerTest (QuarkusTest)
2024-07-08 14:43:21,241 bbtmf-4ag171p4l JUnitStarter[93572] DEBUG [io.qua.boo.cla.QuarkusClassLoader] (main) Adding elements io.quarkus.bootstrap.classloading.PathTreeClassPathElement[org.graalvm.sdk:nativeimage / runtime=true resources=null] to QuarkusClassLoader Quarkus Base Runtime ClassLoader: TEST for PaymentControllerTest (QuarkusTest)
2024-07-08 14:43:21,242 bbtmf-4ag171p4l JUnitStarter[93572] DEBUG [io.qua.boo.cla.QuarkusClassLoader] (main) Adding parent first element io.quarkus.bootstrap.classloading.PathTreeClassPathElement[org.graalvm.sdk:word / runtime=true resources=null] to QuarkusClassLoader Quarkus Base Runtime ClassLoader: TEST for PaymentControllerTest (QuarkusTest)
2024-07-08 14:43:21,242 bbtmf-4ag171p4l JUnitStarter[93572] DEBUG [io.qua.boo.cla.QuarkusClassLoader] (main) Adding elements io.quarkus.bootstrap.classloading.PathTreeClassPathElement[org.graalvm.sdk:word / runtime=true resources=null] to QuarkusClassLoader Quarkus Base Runtime ClassLoader: TEST for PaymentControllerTest (QuarkusTest)
2024-07-08 14:43:21,245 bbtmf-4ag171p4l JUnitStarter[93572] DEBUG [io.qua.boo.cla.QuarkusClassLoader] (main) Adding parent first element io.quarkus.bootstrap.classloading.PathTreeClassPathElement[org.junit.platform:junit-platform-launcher / runtime=true resources=null] to QuarkusClassLoader Quarkus Base Runtime ClassLoader: TEST for PaymentControllerTest (QuarkusTest)
2024-07-08 14:43:21,246 bbtmf-4ag171p4l JUnitStarter[93572] DEBUG [io.qua.boo.cla.QuarkusClassLoader] (main) Adding elements io.quarkus.bootstrap.classloading.PathTreeClassPathElement[org.junit.platform:junit-platform-launcher / runtime=true resources=null] to QuarkusClassLoader Quarkus Base Runtime ClassLoader: TEST for PaymentControllerTest (QuarkusTest)
2024-07-08 14:43:21,247 bbtmf-4ag171p4l JUnitStarter[93572] DEBUG [io.qua.boo.cla.QuarkusClassLoader] (main) Adding parent first element io.quarkus.bootstrap.classloading.PathTreeClassPathElement[io.quarkus:quarkus-bootstrap-maven-resolver / runtime=true resources=null] to QuarkusClassLoader Quarkus Base Runtime ClassLoader: TEST for PaymentControllerTest (QuarkusTest)
2024-07-08 14:43:21,248 bbtmf-4ag171p4l JUnitStarter[93572] DEBUG [io.qua.boo.cla.QuarkusClassLoader] (main) Adding elements io.quarkus.bootstrap.classloading.PathTreeClassPathElement[io.quarkus:quarkus-bootstrap-maven-resolver / runtime=true resources=null] to QuarkusClassLoader Quarkus Base Runtime ClassLoader: TEST for PaymentControllerTest (QuarkusTest)
2024-07-08 14:43:21,249 bbtmf-4ag171p4l JUnitStarter[93572] DEBUG [io.qua.boo.cla.QuarkusClassLoader] (main) Adding elements io.quarkus.bootstrap.classloading.PathTreeClassPathElement[io.smallrye.beanbag:smallrye-beanbag-maven / runtime=true resources=null] to QuarkusClassLoader Quarkus Base Runtime ClassLoader: TEST for PaymentControllerTest (QuarkusTest)
2024-07-08 14:43:21,250 bbtmf-4ag171p4l JUnitStarter[93572] DEBUG [io.qua.boo.cla.QuarkusClassLoader] (main) Adding elements io.quarkus.bootstrap.classloading.PathTreeClassPathElement[io.smallrye.beanbag:smallrye-beanbag-sisu / runtime=true resources=null] to QuarkusClassLoader Quarkus Base Runtime ClassLoader: TEST for PaymentControllerTest (QuarkusTest)
2024-07-08 14:43:21,250 bbtmf-4ag171p4l JUnitStarter[93572] DEBUG [io.qua.boo.cla.QuarkusClassLoader] (main) Adding elements io.quarkus.bootstrap.classloading.PathTreeClassPathElement[io.smallrye.beanbag:smallrye-beanbag / runtime=true resources=null] to QuarkusClassLoader Quarkus Base Runtime ClassLoader: TEST for PaymentControllerTest (QuarkusTest)
2024-07-08 14:43:21,250 bbtmf-4ag171p4l JUnitStarter[93572] DEBUG [io.qua.boo.cla.QuarkusClassLoader] (main) Adding elements io.quarkus.bootstrap.classloading.PathTreeClassPathElement[javax.inject:javax.inject / runtime=true resources=null] to QuarkusClassLoader Quarkus Base Runtime ClassLoader: TEST for PaymentControllerTest (QuarkusTest)
2024-07-08 14:43:21,251 bbtmf-4ag171p4l JUnitStarter[93572] DEBUG [io.qua.boo.cla.QuarkusClassLoader] (main) Adding elements io.quarkus.bootstrap.classloading.PathTreeClassPathElement[org.apache.maven:maven-artifact / runtime=true resources=null] to QuarkusClassLoader Quarkus Base Runtime ClassLoader: TEST for PaymentControllerTest (QuarkusTest)
2024-07-08 14:43:21,251 bbtmf-4ag171p4l JUnitStarter[93572] DEBUG [io.qua.boo.cla.QuarkusClassLoader] (main) Adding elements io.quarkus.bootstrap.classloading.PathTreeClassPathElement[org.apache.maven:maven-builder-support / runtime=true resources=null] to QuarkusClassLoader Quarkus Base Runtime ClassLoader: TEST for PaymentControllerTest (QuarkusTest)
2024-07-08 14:43:21,251 bbtmf-4ag171p4l JUnitStarter[93572] DEBUG [io.qua.boo.cla.QuarkusClassLoader] (main) Adding parent first element io.quarkus.bootstrap.classloading.PathTreeClassPathElement[org.apache.maven:maven-model / runtime=true resources=null] to QuarkusClassLoader Quarkus Base Runtime ClassLoader: TEST for PaymentControllerTest (QuarkusTest)
2024-07-08 14:43:21,252 bbtmf-4ag171p4l JUnitStarter[93572] DEBUG [io.qua.boo.cla.QuarkusClassLoader] (main) Adding elements io.quarkus.bootstrap.classloading.PathTreeClassPathElement[org.apache.maven:maven-model / runtime=true resources=null] to QuarkusClassLoader Quarkus Base Runtime ClassLoader: TEST for PaymentControllerTest (QuarkusTest)
2024-07-08 14:43:21,252 bbtmf-4ag171p4l JUnitStarter[93572] DEBUG [io.qua.boo.cla.QuarkusClassLoader] (main) Adding elements io.quarkus.bootstrap.classloading.PathTreeClassPathElement[org.apache.maven:maven-model-builder / runtime=true resources=null] to QuarkusClassLoader Quarkus Base Runtime ClassLoader: TEST for PaymentControllerTest (QuarkusTest)
2024-07-08 14:43:21,253 bbtmf-4ag171p4l JUnitStarter[93572] DEBUG [io.qua.boo.cla.QuarkusClassLoader] (main) Adding elements io.quarkus.bootstrap.classloading.PathTreeClassPathElement[org.apache.maven:maven-repository-metadata / runtime=true resources=null] to QuarkusClassLoader Quarkus Base Runtime ClassLoader: TEST for PaymentControllerTest (QuarkusTest)
2024-07-08 14:43:21,253 bbtmf-4ag171p4l JUnitStarter[93572] DEBUG [io.qua.boo.cla.QuarkusClassLoader] (main) Adding elements io.quarkus.bootstrap.classloading.PathTreeClassPathElement[org.apache.maven:maven-settings / runtime=true resources=null] to QuarkusClassLoader Quarkus Base Runtime ClassLoader: TEST for PaymentControllerTest (QuarkusTest)
2024-07-08 14:43:21,253 bbtmf-4ag171p4l JUnitStarter[93572] DEBUG [io.qua.boo.cla.QuarkusClassLoader] (main) Adding parent first element io.quarkus.bootstrap.classloading.PathTreeClassPathElement[org.apache.maven.resolver:maven-resolver-api / runtime=true resources=null] to QuarkusClassLoader Quarkus Base Runtime ClassLoader: TEST for PaymentControllerTest (QuarkusTest)
2024-07-08 14:43:21,253 bbtmf-4ag171p4l JUnitStarter[93572] DEBUG [io.qua.boo.cla.QuarkusClassLoader] (main) Adding elements io.quarkus.bootstrap.classloading.PathTreeClassPathElement[org.apache.maven.resolver:maven-resolver-api / runtime=true resources=null] to QuarkusClassLoader Quarkus Base Runtime ClassLoader: TEST for PaymentControllerTest (QuarkusTest)
2024-07-08 14:43:21,254 bbtmf-4ag171p4l JUnitStarter[93572] DEBUG [io.qua.boo.cla.QuarkusClassLoader] (main) Adding parent first element io.quarkus.bootstrap.classloading.PathTreeClassPathElement[org.apache.maven.resolver:maven-resolver-impl / runtime=true resources=null] to QuarkusClassLoader Quarkus Base Runtime ClassLoader: TEST for PaymentControllerTest (QuarkusTest)
2024-07-08 14:43:21,254 bbtmf-4ag171p4l JUnitStarter[93572] DEBUG [io.qua.boo.cla.QuarkusClassLoader] (main) Adding elements io.quarkus.bootstrap.classloading.PathTreeClassPathElement[org.apache.maven.resolver:maven-resolver-impl / runtime=true resources=null] to QuarkusClassLoader Quarkus Base Runtime ClassLoader: TEST for PaymentControllerTest (QuarkusTest)
2024-07-08 14:43:21,254 bbtmf-4ag171p4l JUnitStarter[93572] DEBUG [io.qua.boo.cla.QuarkusClassLoader] (main) Adding elements io.quarkus.bootstrap.classloading.PathTreeClassPathElement[org.apache.maven.resolver:maven-resolver-named-locks / runtime=true resources=null] to QuarkusClassLoader Quarkus Base Runtime ClassLoader: TEST for PaymentControllerTest (QuarkusTest)
2024-07-08 14:43:21,254 bbtmf-4ag171p4l JUnitStarter[93572] DEBUG [io.qua.boo.cla.QuarkusClassLoader] (main) Adding elements io.quarkus.bootstrap.classloading.PathTreeClassPathElement[org.apache.maven.resolver:maven-resolver-spi / runtime=true resources=null] to QuarkusClassLoader Quarkus Base Runtime ClassLoader: TEST for PaymentControllerTest (QuarkusTest)
2024-07-08 14:43:21,255 bbtmf-4ag171p4l JUnitStarter[93572] DEBUG [io.qua.boo.cla.QuarkusClassLoader] (main) Adding elements io.quarkus.bootstrap.classloading.PathTreeClassPathElement[org.apache.maven.resolver:maven-resolver-util / runtime=true resources=null] to QuarkusClassLoader Quarkus Base Runtime ClassLoader: TEST for PaymentControllerTest (QuarkusTest)
2024-07-08 14:43:21,255 bbtmf-4ag171p4l JUnitStarter[93572] DEBUG [io.qua.boo.cla.QuarkusClassLoader] (main) Adding elements io.quarkus.bootstrap.classloading.PathTreeClassPathElement[org.apache.maven.resolver:maven-resolver-transport-http / runtime=true resources=null] to QuarkusClassLoader Quarkus Base Runtime ClassLoader: TEST for PaymentControllerTest (QuarkusTest)
2024-07-08 14:43:21,255 bbtmf-4ag171p4l JUnitStarter[93572] DEBUG [io.qua.boo.cla.QuarkusClassLoader] (main) Adding elements io.quarkus.bootstrap.classloading.PathTreeClassPathElement[org.apache.maven.wagon:wagon-provider-api / runtime=true resources=null] to QuarkusClassLoader Quarkus Base Runtime ClassLoader: TEST for PaymentControllerTest (QuarkusTest)
2024-07-08 14:43:21,256 bbtmf-4ag171p4l JUnitStarter[93572] DEBUG [io.qua.boo.cla.QuarkusClassLoader] (main) Adding elements io.quarkus.bootstrap.classloading.PathTreeClassPathElement[org.apache.maven.wagon:wagon-http-shared / runtime=true resources=null] to QuarkusClassLoader Quarkus Base Runtime ClassLoader: TEST for PaymentControllerTest (QuarkusTest)
2024-07-08 14:43:21,256 bbtmf-4ag171p4l JUnitStarter[93572] DEBUG [io.qua.boo.cla.QuarkusClassLoader] (main) Adding elements io.quarkus.bootstrap.classloading.PathTreeClassPathElement[org.codehaus.plexus:plexus-interpolation / runtime=true resources=null] to QuarkusClassLoader Quarkus Base Runtime ClassLoader: TEST for PaymentControllerTest (QuarkusTest)
2024-07-08 14:43:21,256 bbtmf-4ag171p4l JUnitStarter[93572] DEBUG [io.qua.boo.cla.QuarkusClassLoader] (main) Adding parent first element io.quarkus.bootstrap.classloading.PathTreeClassPathElement[org.codehaus.plexus:plexus-utils / runtime=true resources=null] to QuarkusClassLoader Quarkus Base Runtime ClassLoader: TEST for PaymentControllerTest (QuarkusTest)
2024-07-08 14:43:21,256 bbtmf-4ag171p4l JUnitStarter[93572] DEBUG [io.qua.boo.cla.QuarkusClassLoader] (main) Adding elements io.quarkus.bootstrap.classloading.PathTreeClassPathElement[org.codehaus.plexus:plexus-utils / runtime=true resources=null] to QuarkusClassLoader Quarkus Base Runtime ClassLoader: TEST for PaymentControllerTest (QuarkusTest)
2024-07-08 14:43:21,257 bbtmf-4ag171p4l JUnitStarter[93572] DEBUG [io.qua.boo.cla.QuarkusClassLoader] (main) Adding elements io.quarkus.bootstrap.classloading.PathTreeClassPathElement[org.codehaus.plexus:plexus-xml / runtime=true resources=null] to QuarkusClassLoader Quarkus Base Runtime ClassLoader: TEST for PaymentControllerTest (QuarkusTest)
2024-07-08 14:43:21,257 bbtmf-4ag171p4l JUnitStarter[93572] DEBUG [io.qua.boo.cla.QuarkusClassLoader] (main) Adding elements io.quarkus.bootstrap.classloading.PathTreeClassPathElement[org.apache.maven:maven-xml-impl / runtime=true resources=null] to QuarkusClassLoader Quarkus Base Runtime ClassLoader: TEST for PaymentControllerTest (QuarkusTest)
2024-07-08 14:43:21,257 bbtmf-4ag171p4l JUnitStarter[93572] DEBUG [io.qua.boo.cla.QuarkusClassLoader] (main) Adding elements io.quarkus.bootstrap.classloading.PathTreeClassPathElement[org.apache.maven:maven-api-xml / runtime=true resources=null] to QuarkusClassLoader Quarkus Base Runtime ClassLoader: TEST for PaymentControllerTest (QuarkusTest)
2024-07-08 14:43:21,258 bbtmf-4ag171p4l JUnitStarter[93572] DEBUG [io.qua.boo.cla.QuarkusClassLoader] (main) Adding elements io.quarkus.bootstrap.classloading.PathTreeClassPathElement[org.apache.maven:maven-api-meta / runtime=true resources=null] to QuarkusClassLoader Quarkus Base Runtime ClassLoader: TEST for PaymentControllerTest (QuarkusTest)
2024-07-08 14:43:21,259 bbtmf-4ag171p4l JUnitStarter[93572] DEBUG [io.qua.boo.cla.QuarkusClassLoader] (main) Adding elements io.quarkus.bootstrap.classloading.PathTreeClassPathElement[org.codehaus.plexus:plexus-cipher / runtime=true resources=null] to QuarkusClassLoader Quarkus Base Runtime ClassLoader: TEST for PaymentControllerTest (QuarkusTest)
2024-07-08 14:43:21,259 bbtmf-4ag171p4l JUnitStarter[93572] DEBUG [io.qua.boo.cla.QuarkusClassLoader] (main) Adding elements io.quarkus.bootstrap.classloading.PathTreeClassPathElement[org.codehaus.plexus:plexus-sec-dispatcher / runtime=true resources=null] to QuarkusClassLoader Quarkus Base Runtime ClassLoader: TEST for PaymentControllerTest (QuarkusTest)
2024-07-08 14:43:21,260 bbtmf-4ag171p4l JUnitStarter[93572] DEBUG [io.qua.boo.cla.QuarkusClassLoader] (main) Adding elements io.quarkus.bootstrap.classloading.PathTreeClassPathElement[org.apache.maven:maven-embedder / runtime=true resources=null] to QuarkusClassLoader Quarkus Base Runtime ClassLoader: TEST for PaymentControllerTest (QuarkusTest)
2024-07-08 14:43:21,261 bbtmf-4ag171p4l JUnitStarter[93572] DEBUG [io.qua.boo.cla.QuarkusClassLoader] (main) Adding elements io.quarkus.bootstrap.classloading.PathTreeClassPathElement[org.apache.maven:maven-core / runtime=true resources=null] to QuarkusClassLoader Quarkus Base Runtime ClassLoader: TEST for PaymentControllerTest (QuarkusTest)
2024-07-08 14:43:21,261 bbtmf-4ag171p4l JUnitStarter[93572] DEBUG [io.qua.boo.cla.QuarkusClassLoader] (main) Adding elements io.quarkus.bootstrap.classloading.PathTreeClassPathElement[org.codehaus.plexus:plexus-component-annotations / runtime=true resources=null] to QuarkusClassLoader Quarkus Base Runtime ClassLoader: TEST for PaymentControllerTest (QuarkusTest)
2024-07-08 14:43:21,261 bbtmf-4ag171p4l JUnitStarter[93572] DEBUG [io.qua.boo.cla.QuarkusClassLoader] (main) Adding elements io.quarkus.bootstrap.classloading.PathTreeClassPathElement[org.apache.maven:maven-plugin-api / runtime=true resources=null] to QuarkusClassLoader Quarkus Base Runtime ClassLoader: TEST for PaymentControllerTest (QuarkusTest)
2024-07-08 14:43:21,262 bbtmf-4ag171p4l JUnitStarter[93572] DEBUG [io.qua.boo.cla.QuarkusClassLoader] (main) Adding elements io.quarkus.bootstrap.classloading.PathTreeClassPathElement[org.apache.maven.shared:maven-shared-utils / runtime=true resources=null] to QuarkusClassLoader Quarkus Base Runtime ClassLoader: TEST for PaymentControllerTest (QuarkusTest)
2024-07-08 14:43:21,262 bbtmf-4ag171p4l JUnitStarter[93572] DEBUG [io.qua.boo.cla.QuarkusClassLoader] (main) Adding elements io.quarkus.bootstrap.classloading.PathTreeClassPathElement[com.google.inject:guice / runtime=true resources=null] to QuarkusClassLoader Quarkus Base Runtime ClassLoader: TEST for PaymentControllerTest (QuarkusTest)
2024-07-08 14:43:21,262 bbtmf-4ag171p4l JUnitStarter[93572] DEBUG [io.qua.boo.cla.QuarkusClassLoader] (main) Adding elements io.quarkus.bootstrap.classloading.PathTreeClassPathElement[aopalliance:aopalliance / runtime=true resources=null] to QuarkusClassLoader Quarkus Base Runtime ClassLoader: TEST for PaymentControllerTest (QuarkusTest)
2024-07-08 14:43:21,265 bbtmf-4ag171p4l JUnitStarter[93572] DEBUG [io.qua.boo.cla.QuarkusClassLoader] (main) Adding elements io.quarkus.bootstrap.classloading.PathTreeClassPathElement[com.google.guava:guava / runtime=true resources=null] to QuarkusClassLoader Quarkus Base Runtime ClassLoader: TEST for PaymentControllerTest (QuarkusTest)
2024-07-08 14:43:21,267 bbtmf-4ag171p4l JUnitStarter[93572] DEBUG [io.qua.boo.cla.QuarkusClassLoader] (main) Adding elements io.quarkus.bootstrap.classloading.PathTreeClassPathElement[com.google.guava:failureaccess / runtime=true resources=null] to QuarkusClassLoader Quarkus Base Runtime ClassLoader: TEST for PaymentControllerTest (QuarkusTest)
2024-07-08 14:43:21,268 bbtmf-4ag171p4l JUnitStarter[93572] DEBUG [io.qua.boo.cla.QuarkusClassLoader] (main) Adding elements io.quarkus.bootstrap.classloading.PathTreeClassPathElement[org.codehaus.plexus:plexus-classworlds / runtime=true resources=null] to QuarkusClassLoader Quarkus Base Runtime ClassLoader: TEST for PaymentControllerTest (QuarkusTest)
2024-07-08 14:43:21,269 bbtmf-4ag171p4l JUnitStarter[93572] DEBUG [io.qua.boo.cla.QuarkusClassLoader] (main) Adding elements io.quarkus.bootstrap.classloading.PathTreeClassPathElement[commons-cli:commons-cli / runtime=true resources=null] to QuarkusClassLoader Quarkus Base Runtime ClassLoader: TEST for PaymentControllerTest (QuarkusTest)
2024-07-08 14:43:21,270 bbtmf-4ag171p4l JUnitStarter[93572] DEBUG [io.qua.boo.cla.QuarkusClassLoader] (main) Adding elements io.quarkus.bootstrap.classloading.PathTreeClassPathElement[org.eclipse.sisu:org.eclipse.sisu.plexus / runtime=true resources=null] to QuarkusClassLoader Quarkus Base Runtime ClassLoader: TEST for PaymentControllerTest (QuarkusTest)
2024-07-08 14:43:21,271 bbtmf-4ag171p4l JUnitStarter[93572] DEBUG [io.qua.boo.cla.QuarkusClassLoader] (main) Adding elements io.quarkus.bootstrap.classloading.PathTreeClassPathElement[org.apache.maven:maven-settings-builder / runtime=true resources=null] to QuarkusClassLoader Quarkus Base Runtime ClassLoader: TEST for PaymentControllerTest (QuarkusTest)
2024-07-08 14:43:21,273 bbtmf-4ag171p4l JUnitStarter[93572] DEBUG [io.qua.boo.cla.QuarkusClassLoader] (main) Adding elements io.quarkus.bootstrap.classloading.PathTreeClassPathElement[org.apache.maven:maven-resolver-provider / runtime=true resources=null] to QuarkusClassLoader Quarkus Base Runtime ClassLoader: TEST for PaymentControllerTest (QuarkusTest)
2024-07-08 14:43:21,274 bbtmf-4ag171p4l JUnitStarter[93572] DEBUG [io.qua.boo.cla.QuarkusClassLoader] (main) Adding elements io.quarkus.bootstrap.classloading.PathTreeClassPathElement[org.apache.maven.resolver:maven-resolver-connector-basic / runtime=true resources=null] to QuarkusClassLoader Quarkus Base Runtime ClassLoader: TEST for PaymentControllerTest (QuarkusTest)
2024-07-08 14:43:21,275 bbtmf-4ag171p4l JUnitStarter[93572] DEBUG [io.qua.boo.cla.QuarkusClassLoader] (main) Adding elements io.quarkus.bootstrap.classloading.PathTreeClassPathElement[org.apache.maven.resolver:maven-resolver-transport-wagon / runtime=true resources=null] to QuarkusClassLoader Quarkus Base Runtime ClassLoader: TEST for PaymentControllerTest (QuarkusTest)
2024-07-08 14:43:21,276 bbtmf-4ag171p4l JUnitStarter[93572] DEBUG [io.qua.boo.cla.QuarkusClassLoader] (main) Adding elements io.quarkus.bootstrap.classloading.PathTreeClassPathElement[org.apache.maven.wagon:wagon-http / runtime=true resources=null] to QuarkusClassLoader Quarkus Base Runtime ClassLoader: TEST for PaymentControllerTest (QuarkusTest)
2024-07-08 14:43:21,363 bbtmf-4ag171p4l JUnitStarter[93572] DEBUG [io.qua.boo.cla.QuarkusClassLoader] (main) Adding elements io.quarkus.bootstrap.classloading.PathTreeClassPathElement[org.apache.maven.wagon:wagon-file / runtime=true resources=null] to QuarkusClassLoader Quarkus Base Runtime ClassLoader: TEST for PaymentControllerTest (QuarkusTest)
2024-07-08 14:43:21,366 bbtmf-4ag171p4l JUnitStarter[93572] DEBUG [io.qua.boo.cla.QuarkusClassLoader] (main) Adding parent first element io.quarkus.bootstrap.classloading.PathTreeClassPathElement[io.quarkus:quarkus-bootstrap-gradle-resolver / runtime=true resources=null] to QuarkusClassLoader Quarkus Base Runtime ClassLoader: TEST for PaymentControllerTest (QuarkusTest)
2024-07-08 14:43:21,366 bbtmf-4ag171p4l JUnitStarter[93572] DEBUG [io.qua.boo.cla.QuarkusClassLoader] (main) Adding elements io.quarkus.bootstrap.classloading.PathTreeClassPathElement[io.quarkus:quarkus-bootstrap-gradle-resolver / runtime=true resources=null] to QuarkusClassLoader Quarkus Base Runtime ClassLoader: TEST for PaymentControllerTest (QuarkusTest)
2024-07-08 14:43:21,367 bbtmf-4ag171p4l JUnitStarter[93572] DEBUG [io.qua.boo.cla.QuarkusClassLoader] (main) Adding elements io.quarkus.bootstrap.classloading.PathTreeClassPathElement[org.jboss.logging:commons-logging-jboss-logging / runtime=true resources=null] to QuarkusClassLoader Quarkus Base Runtime ClassLoader: TEST for PaymentControllerTest (QuarkusTest)
2024-07-08 14:43:21,367 bbtmf-4ag171p4l JUnitStarter[93572] DEBUG [io.qua.boo.cla.QuarkusClassLoader] (main) Adding elements io.quarkus.bootstrap.classloading.PathTreeClassPathElement[io.quarkus:quarkus-junit5-properties / runtime=true resources=null] to QuarkusClassLoader Quarkus Base Runtime ClassLoader: TEST for PaymentControllerTest (QuarkusTest)
2024-07-08 14:43:21,368 bbtmf-4ag171p4l JUnitStarter[93572] DEBUG [io.qua.boo.cla.QuarkusClassLoader] (main) Adding elements io.quarkus.bootstrap.classloading.PathTreeClassPathElement[org.junit.jupiter:junit-jupiter / runtime=true resources=null] to QuarkusClassLoader Quarkus Base Runtime ClassLoader: TEST for PaymentControllerTest (QuarkusTest)
2024-07-08 14:43:21,368 bbtmf-4ag171p4l JUnitStarter[93572] DEBUG [io.qua.boo.cla.QuarkusClassLoader] (main) Adding parent first element io.quarkus.bootstrap.classloading.PathTreeClassPathElement[org.junit.jupiter:junit-jupiter-api / runtime=true resources=null] to QuarkusClassLoader Quarkus Base Runtime ClassLoader: TEST for PaymentControllerTest (QuarkusTest)
2024-07-08 14:43:21,368 bbtmf-4ag171p4l JUnitStarter[93572] DEBUG [io.qua.boo.cla.QuarkusClassLoader] (main) Adding elements io.quarkus.bootstrap.classloading.PathTreeClassPathElement[org.junit.jupiter:junit-jupiter-api / runtime=true resources=null] to QuarkusClassLoader Quarkus Base Runtime ClassLoader: TEST for PaymentControllerTest (QuarkusTest)
2024-07-08 14:43:21,369 bbtmf-4ag171p4l JUnitStarter[93572] DEBUG [io.qua.boo.cla.QuarkusClassLoader] (main) Adding parent first element io.quarkus.bootstrap.classloading.PathTreeClassPathElement[org.opentest4j:opentest4j / runtime=true resources=null] to QuarkusClassLoader Quarkus Base Runtime ClassLoader: TEST for PaymentControllerTest (QuarkusTest)
2024-07-08 14:43:21,369 bbtmf-4ag171p4l JUnitStarter[93572] DEBUG [io.qua.boo.cla.QuarkusClassLoader] (main) Adding elements io.quarkus.bootstrap.classloading.PathTreeClassPathElement[org.opentest4j:opentest4j / runtime=true resources=null] to QuarkusClassLoader Quarkus Base Runtime ClassLoader: TEST for PaymentControllerTest (QuarkusTest)
2024-07-08 14:43:21,370 bbtmf-4ag171p4l JUnitStarter[93572] DEBUG [io.qua.boo.cla.QuarkusClassLoader] (main) Adding parent first element io.quarkus.bootstrap.classloading.PathTreeClassPathElement[org.junit.platform:junit-platform-commons / runtime=true resources=null] to QuarkusClassLoader Quarkus Base Runtime ClassLoader: TEST for PaymentControllerTest (QuarkusTest)
2024-07-08 14:43:21,370 bbtmf-4ag171p4l JUnitStarter[93572] DEBUG [io.qua.boo.cla.QuarkusClassLoader] (main) Adding elements io.quarkus.bootstrap.classloading.PathTreeClassPathElement[org.junit.platform:junit-platform-commons / runtime=true resources=null] to QuarkusClassLoader Quarkus Base Runtime ClassLoader: TEST for PaymentControllerTest (QuarkusTest)
2024-07-08 14:43:21,370 bbtmf-4ag171p4l JUnitStarter[93572] DEBUG [io.qua.boo.cla.QuarkusClassLoader] (main) Adding parent first element io.quarkus.bootstrap.classloading.PathTreeClassPathElement[org.apiguardian:apiguardian-api / runtime=true resources=null] to QuarkusClassLoader Quarkus Base Runtime ClassLoader: TEST for PaymentControllerTest (QuarkusTest)
2024-07-08 14:43:21,371 bbtmf-4ag171p4l JUnitStarter[93572] DEBUG [io.qua.boo.cla.QuarkusClassLoader] (main) Adding elements io.quarkus.bootstrap.classloading.PathTreeClassPathElement[org.apiguardian:apiguardian-api / runtime=true resources=null] to QuarkusClassLoader Quarkus Base Runtime ClassLoader: TEST for PaymentControllerTest (QuarkusTest)
2024-07-08 14:43:21,373 bbtmf-4ag171p4l JUnitStarter[93572] DEBUG [io.qua.boo.cla.QuarkusClassLoader] (main) Adding parent first element io.quarkus.bootstrap.classloading.PathTreeClassPathElement[org.junit.jupiter:junit-jupiter-params / runtime=true resources=null] to QuarkusClassLoader Quarkus Base Runtime ClassLoader: TEST for PaymentControllerTest (QuarkusTest)
2024-07-08 14:43:21,373 bbtmf-4ag171p4l JUnitStarter[93572] DEBUG [io.qua.boo.cla.QuarkusClassLoader] (main) Adding elements io.quarkus.bootstrap.classloading.PathTreeClassPathElement[org.junit.jupiter:junit-jupiter-params / runtime=true resources=null] to QuarkusClassLoader Quarkus Base Runtime ClassLoader: TEST for PaymentControllerTest (QuarkusTest)
2024-07-08 14:43:21,374 bbtmf-4ag171p4l JUnitStarter[93572] DEBUG [io.qua.boo.cla.QuarkusClassLoader] (main) Adding parent first element io.quarkus.bootstrap.classloading.PathTreeClassPathElement[org.junit.jupiter:junit-jupiter-engine / runtime=true resources=null] to QuarkusClassLoader Quarkus Base Runtime ClassLoader: TEST for PaymentControllerTest (QuarkusTest)
2024-07-08 14:43:21,374 bbtmf-4ag171p4l JUnitStarter[93572] DEBUG [io.qua.boo.cla.QuarkusClassLoader] (main) Adding elements io.quarkus.bootstrap.classloading.PathTreeClassPathElement[org.junit.jupiter:junit-jupiter-engine / runtime=true resources=null] to QuarkusClassLoader Quarkus Base Runtime ClassLoader: TEST for PaymentControllerTest (QuarkusTest)
2024-07-08 14:43:21,375 bbtmf-4ag171p4l JUnitStarter[93572] DEBUG [io.qua.boo.cla.QuarkusClassLoader] (main) Adding parent first element io.quarkus.bootstrap.classloading.PathTreeClassPathElement[org.junit.platform:junit-platform-engine / runtime=true resources=null] to QuarkusClassLoader Quarkus Base Runtime ClassLoader: TEST for PaymentControllerTest (QuarkusTest)
2024-07-08 14:43:21,375 bbtmf-4ag171p4l JUnitStarter[93572] DEBUG [io.qua.boo.cla.QuarkusClassLoader] (main) Adding elements io.quarkus.bootstrap.classloading.PathTreeClassPathElement[org.junit.platform:junit-platform-engine / runtime=true resources=null] to QuarkusClassLoader Quarkus Base Runtime ClassLoader: TEST for PaymentControllerTest (QuarkusTest)
2024-07-08 14:43:21,376 bbtmf-4ag171p4l JUnitStarter[93572] DEBUG [io.qua.boo.cla.QuarkusClassLoader] (main) Adding elements io.quarkus.bootstrap.classloading.PathTreeClassPathElement[com.thoughtworks.xstream:xstream / runtime=true resources=null] to QuarkusClassLoader Quarkus Base Runtime ClassLoader: TEST for PaymentControllerTest (QuarkusTest)
2024-07-08 14:43:21,376 bbtmf-4ag171p4l JUnitStarter[93572] DEBUG [io.qua.boo.cla.QuarkusClassLoader] (main) Adding elements io.quarkus.bootstrap.classloading.PathTreeClassPathElement[io.github.x-stream:mxparser / runtime=true resources=null] to QuarkusClassLoader Quarkus Base Runtime ClassLoader: TEST for PaymentControllerTest (QuarkusTest)
2024-07-08 14:43:21,377 bbtmf-4ag171p4l JUnitStarter[93572] DEBUG [io.qua.boo.cla.QuarkusClassLoader] (main) Adding elements io.quarkus.bootstrap.classloading.PathTreeClassPathElement[xmlpull:xmlpull / runtime=true resources=null] to QuarkusClassLoader Quarkus Base Runtime ClassLoader: TEST for PaymentControllerTest (QuarkusTest)
2024-07-08 14:43:21,377 bbtmf-4ag171p4l JUnitStarter[93572] DEBUG [io.qua.boo.cla.QuarkusClassLoader] (main) Adding elements io.quarkus.bootstrap.classloading.PathTreeClassPathElement[io.rest-assured:rest-assured / runtime=true resources=null] to QuarkusClassLoader Quarkus Base Runtime ClassLoader: TEST for PaymentControllerTest (QuarkusTest)
2024-07-08 14:43:21,381 bbtmf-4ag171p4l JUnitStarter[93572] DEBUG [io.qua.boo.cla.QuarkusClassLoader] (main) Adding elements io.quarkus.bootstrap.classloading.PathTreeClassPathElement[org.apache.groovy:groovy / runtime=true resources=null] to QuarkusClassLoader Quarkus Base Runtime ClassLoader: TEST for PaymentControllerTest (QuarkusTest)
2024-07-08 14:43:21,383 bbtmf-4ag171p4l JUnitStarter[93572] DEBUG [io.qua.boo.cla.QuarkusClassLoader] (main) Adding elements io.quarkus.bootstrap.classloading.PathTreeClassPathElement[org.apache.groovy:groovy-xml / runtime=true resources=null] to QuarkusClassLoader Quarkus Base Runtime ClassLoader: TEST for PaymentControllerTest (QuarkusTest)
2024-07-08 14:43:21,385 bbtmf-4ag171p4l JUnitStarter[93572] DEBUG [io.qua.boo.cla.QuarkusClassLoader] (main) Adding elements io.quarkus.bootstrap.classloading.PathTreeClassPathElement[org.apache.httpcomponents:httpclient / runtime=true resources=null] to QuarkusClassLoader Quarkus Base Runtime ClassLoader: TEST for PaymentControllerTest (QuarkusTest)
2024-07-08 14:43:21,386 bbtmf-4ag171p4l JUnitStarter[93572] DEBUG [io.qua.boo.cla.QuarkusClassLoader] (main) Adding elements io.quarkus.bootstrap.classloading.PathTreeClassPathElement[org.apache.httpcomponents:httpcore / runtime=true resources=null] to QuarkusClassLoader Quarkus Base Runtime ClassLoader: TEST for PaymentControllerTest (QuarkusTest)
2024-07-08 14:43:21,386 bbtmf-4ag171p4l JUnitStarter[93572] DEBUG [io.qua.boo.cla.QuarkusClassLoader] (main) Adding elements io.quarkus.bootstrap.classloading.PathTreeClassPathElement[commons-codec:commons-codec / runtime=true resources=null] to QuarkusClassLoader Quarkus Base Runtime ClassLoader: TEST for PaymentControllerTest (QuarkusTest)
2024-07-08 14:43:21,387 bbtmf-4ag171p4l JUnitStarter[93572] DEBUG [io.qua.boo.cla.QuarkusClassLoader] (main) Adding elements io.quarkus.bootstrap.classloading.PathTreeClassPathElement[org.apache.httpcomponents:httpmime / runtime=true resources=null] to QuarkusClassLoader Quarkus Base Runtime ClassLoader: TEST for PaymentControllerTest (QuarkusTest)
2024-07-08 14:43:21,388 bbtmf-4ag171p4l JUnitStarter[93572] DEBUG [io.qua.boo.cla.QuarkusClassLoader] (main) Adding elements io.quarkus.bootstrap.classloading.PathTreeClassPathElement[org.hamcrest:hamcrest / runtime=true resources=null] to QuarkusClassLoader Quarkus Base Runtime ClassLoader: TEST for PaymentControllerTest (QuarkusTest)
2024-07-08 14:43:21,388 bbtmf-4ag171p4l JUnitStarter[93572] DEBUG [io.qua.boo.cla.QuarkusClassLoader] (main) Adding elements io.quarkus.bootstrap.classloading.PathTreeClassPathElement[org.ccil.cowan.tagsoup:tagsoup / runtime=true resources=null] to QuarkusClassLoader Quarkus Base Runtime ClassLoader: TEST for PaymentControllerTest (QuarkusTest)
2024-07-08 14:43:21,389 bbtmf-4ag171p4l JUnitStarter[93572] DEBUG [io.qua.boo.cla.QuarkusClassLoader] (main) Adding elements io.quarkus.bootstrap.classloading.PathTreeClassPathElement[io.rest-assured:json-path / runtime=true resources=null] to QuarkusClassLoader Quarkus Base Runtime ClassLoader: TEST for PaymentControllerTest (QuarkusTest)
2024-07-08 14:43:21,389 bbtmf-4ag171p4l JUnitStarter[93572] DEBUG [io.qua.boo.cla.QuarkusClassLoader] (main) Adding elements io.quarkus.bootstrap.classloading.PathTreeClassPathElement[org.apache.groovy:groovy-json / runtime=true resources=null] to QuarkusClassLoader Quarkus Base Runtime ClassLoader: TEST for PaymentControllerTest (QuarkusTest)
2024-07-08 14:43:21,390 bbtmf-4ag171p4l JUnitStarter[93572] DEBUG [io.qua.boo.cla.QuarkusClassLoader] (main) Adding elements io.quarkus.bootstrap.classloading.PathTreeClassPathElement[io.rest-assured:rest-assured-common / runtime=true resources=null] to QuarkusClassLoader Quarkus Base Runtime ClassLoader: TEST for PaymentControllerTest (QuarkusTest)
2024-07-08 14:43:21,390 bbtmf-4ag171p4l JUnitStarter[93572] DEBUG [io.qua.boo.cla.QuarkusClassLoader] (main) Adding elements io.quarkus.bootstrap.classloading.PathTreeClassPathElement[io.rest-assured:xml-path / runtime=true resources=null] to QuarkusClassLoader Quarkus Base Runtime ClassLoader: TEST for PaymentControllerTest (QuarkusTest)
2024-07-08 14:43:21,391 bbtmf-4ag171p4l JUnitStarter[93572] DEBUG [io.qua.boo.cla.QuarkusClassLoader] (main) Adding elements io.quarkus.bootstrap.classloading.PathTreeClassPathElement[org.apache.commons:commons-lang3 / runtime=true resources=null] to QuarkusClassLoader Quarkus Base Runtime ClassLoader: TEST for PaymentControllerTest (QuarkusTest)
2024-07-08 14:43:21,392 bbtmf-4ag171p4l JUnitStarter[93572] DEBUG [io.qua.boo.cla.QuarkusClassLoader] (main) Adding elements io.quarkus.bootstrap.classloading.PathTreeClassPathElement[org.projectlombok:lombok / runtime=true resources=null] to QuarkusClassLoader Quarkus Base Runtime ClassLoader: TEST for PaymentControllerTest (QuarkusTest)
2024-07-08 14:43:22,014 bbtmf-4ag171p4l JUnitStarter[93572] DEBUG [io.qua.boo.cla.QuarkusClassLoader] (main) Adding elements io.quarkus.bootstrap.classloading.PathTreeClassPathElement[io.quarkus:quarkus-resteasy / runtime=true resources=76] to QuarkusClassLoader Augmentation Class Loader: TEST for PaymentControllerTest (QuarkusTest)
2024-07-08 14:43:22,014 bbtmf-4ag171p4l JUnitStarter[93572] DEBUG [io.qua.boo.cla.QuarkusClassLoader] (main) Adding elements io.quarkus.bootstrap.classloading.PathTreeClassPathElement[io.quarkus:quarkus-vertx-http / runtime=true resources=485] to QuarkusClassLoader Augmentation Class Loader: TEST for PaymentControllerTest (QuarkusTest)
2024-07-08 14:43:22,014 bbtmf-4ag171p4l JUnitStarter[93572] DEBUG [io.qua.boo.cla.QuarkusClassLoader] (main) Adding elements io.quarkus.bootstrap.classloading.PathTreeClassPathElement[io.quarkus:quarkus-security-runtime-spi / runtime=true resources=34] to QuarkusClassLoader Augmentation Class Loader: TEST for PaymentControllerTest (QuarkusTest)
2024-07-08 14:43:22,015 bbtmf-4ag171p4l JUnitStarter[93572] DEBUG [io.qua.boo.cla.QuarkusClassLoader] (main) Adding elements io.quarkus.bootstrap.classloading.PathTreeClassPathElement[io.quarkus:quarkus-credentials / runtime=true resources=15] to QuarkusClassLoader Augmentation Class Loader: TEST for PaymentControllerTest (QuarkusTest)
2024-07-08 14:43:22,015 bbtmf-4ag171p4l JUnitStarter[93572] DEBUG [io.qua.boo.cla.QuarkusClassLoader] (main) Adding elements io.quarkus.bootstrap.classloading.PathTreeClassPathElement[io.quarkus:quarkus-mutiny / runtime=true resources=22] to QuarkusClassLoader Augmentation Class Loader: TEST for PaymentControllerTest (QuarkusTest)
2024-07-08 14:43:22,015 bbtmf-4ag171p4l JUnitStarter[93572] DEBUG [io.qua.boo.cla.QuarkusClassLoader] (main) Adding elements io.quarkus.bootstrap.classloading.PathTreeClassPathElement[io.quarkus:quarkus-smallrye-context-propagation / runtime=true resources=25] to QuarkusClassLoader Augmentation Class Loader: TEST for PaymentControllerTest (QuarkusTest)
2024-07-08 14:43:22,015 bbtmf-4ag171p4l JUnitStarter[93572] DEBUG [io.qua.boo.cla.QuarkusClassLoader] (main) Adding elements io.quarkus.bootstrap.classloading.PathTreeClassPathElement[io.smallrye:smallrye-context-propagation / runtime=true resources=85] to QuarkusClassLoader Augmentation Class Loader: TEST for PaymentControllerTest (QuarkusTest)
2024-07-08 14:43:22,015 bbtmf-4ag171p4l JUnitStarter[93572] DEBUG [io.qua.boo.cla.QuarkusClassLoader] (main) Adding elements io.quarkus.bootstrap.classloading.PathTreeClassPathElement[io.smallrye:smallrye-context-propagation-api / runtime=true resources=21] to QuarkusClassLoader Augmentation Class Loader: TEST for PaymentControllerTest (QuarkusTest)
2024-07-08 14:43:22,015 bbtmf-4ag171p4l JUnitStarter[93572] DEBUG [io.qua.boo.cla.QuarkusClassLoader] (main) Adding elements io.quarkus.bootstrap.classloading.PathTreeClassPathElement[io.smallrye:smallrye-context-propagation-storage / runtime=true resources=21] to QuarkusClassLoader Augmentation Class Loader: TEST for PaymentControllerTest (QuarkusTest)
2024-07-08 14:43:22,015 bbtmf-4ag171p4l JUnitStarter[93572] DEBUG [io.qua.boo.cla.QuarkusClassLoader] (main) Adding elements io.quarkus.bootstrap.classloading.PathTreeClassPathElement[io.smallrye.reactive:mutiny-smallrye-context-propagation / runtime=true resources=31] to QuarkusClassLoader Augmentation Class Loader: TEST for PaymentControllerTest (QuarkusTest)
2024-07-08 14:43:22,015 bbtmf-4ag171p4l JUnitStarter[93572] DEBUG [io.qua.boo.cla.QuarkusClassLoader] (main) Adding elements io.quarkus.bootstrap.classloading.PathTreeClassPathElement[io.smallrye.common:smallrye-common-vertx-context / runtime=true resources=16] to QuarkusClassLoader Augmentation Class Loader: TEST for PaymentControllerTest (QuarkusTest)
2024-07-08 14:43:22,015 bbtmf-4ag171p4l JUnitStarter[93572] DEBUG [io.qua.boo.cla.QuarkusClassLoader] (main) Adding elements io.quarkus.bootstrap.classloading.PathTreeClassPathElement[io.vertx:vertx-core / runtime=true resources=921] to QuarkusClassLoader Augmentation Class Loader: TEST for PaymentControllerTest (QuarkusTest)
2024-07-08 14:43:22,015 bbtmf-4ag171p4l JUnitStarter[93572] DEBUG [io.qua.boo.cla.QuarkusClassLoader] (main) Adding elements io.quarkus.bootstrap.classloading.PathTreeClassPathElement[io.netty:netty-common / runtime=true resources=524] to QuarkusClassLoader Augmentation Class Loader: TEST for PaymentControllerTest (QuarkusTest)
2024-07-08 14:43:22,015 bbtmf-4ag171p4l JUnitStarter[93572] DEBUG [io.qua.boo.cla.QuarkusClassLoader] (main) Adding elements io.quarkus.bootstrap.classloading.PathTreeClassPathElement[io.netty:netty-buffer / runtime=true resources=155] to QuarkusClassLoader Augmentation Class Loader: TEST for PaymentControllerTest (QuarkusTest)
2024-07-08 14:43:22,015 bbtmf-4ag171p4l JUnitStarter[93572] DEBUG [io.qua.boo.cla.QuarkusClassLoader] (main) Adding elements io.quarkus.bootstrap.classloading.PathTreeClassPathElement[io.netty:netty-transport / runtime=true resources=403] to QuarkusClassLoader Augmentation Class Loader: TEST for PaymentControllerTest (QuarkusTest)
2024-07-08 14:43:22,015 bbtmf-4ag171p4l JUnitStarter[93572] DEBUG [io.qua.boo.cla.QuarkusClassLoader] (main) Adding elements io.quarkus.bootstrap.classloading.PathTreeClassPathElement[io.netty:netty-handler / runtime=true resources=390] to QuarkusClassLoader Augmentation Class Loader: TEST for PaymentControllerTest (QuarkusTest)
2024-07-08 14:43:22,015 bbtmf-4ag171p4l JUnitStarter[93572] DEBUG [io.qua.boo.cla.QuarkusClassLoader] (main) Adding elements io.quarkus.bootstrap.classloading.PathTreeClassPathElement[io.netty:netty-transport-native-unix-common / runtime=true resources=45] to QuarkusClassLoader Augmentation Class Loader: TEST for PaymentControllerTest (QuarkusTest)
2024-07-08 14:43:22,016 bbtmf-4ag171p4l JUnitStarter[93572] DEBUG [io.qua.boo.cla.QuarkusClassLoader] (main) Adding elements io.quarkus.bootstrap.classloading.PathTreeClassPathElement[io.netty:netty-handler-proxy / runtime=true resources=31] to QuarkusClassLoader Augmentation Class Loader: TEST for PaymentControllerTest (QuarkusTest)
2024-07-08 14:43:22,016 bbtmf-4ag171p4l JUnitStarter[93572] DEBUG [io.qua.boo.cla.QuarkusClassLoader] (main) Adding elements io.quarkus.bootstrap.classloading.PathTreeClassPathElement[io.netty:netty-codec-socks / runtime=true resources=130] to QuarkusClassLoader Augmentation Class Loader: TEST for PaymentControllerTest (QuarkusTest)
2024-07-08 14:43:22,016 bbtmf-4ag171p4l JUnitStarter[93572] DEBUG [io.qua.boo.cla.QuarkusClassLoader] (main) Adding elements io.quarkus.bootstrap.classloading.PathTreeClassPathElement[io.netty:netty-codec-http / runtime=true resources=420] to QuarkusClassLoader Augmentation Class Loader: TEST for PaymentControllerTest (QuarkusTest)
2024-07-08 14:43:22,016 bbtmf-4ag171p4l JUnitStarter[93572] DEBUG [io.qua.boo.cla.QuarkusClassLoader] (main) Adding elements io.quarkus.bootstrap.classloading.PathTreeClassPathElement[io.netty:netty-codec-http2 / runtime=true resources=302] to QuarkusClassLoader Augmentation Class Loader: TEST for PaymentControllerTest (QuarkusTest)
2024-07-08 14:43:22,016 bbtmf-4ag171p4l JUnitStarter[93572] DEBUG [io.qua.boo.cla.QuarkusClassLoader] (main) Adding elements io.quarkus.bootstrap.classloading.PathTreeClassPathElement[io.netty:netty-resolver / runtime=true resources=41] to QuarkusClassLoader Augmentation Class Loader: TEST for PaymentControllerTest (QuarkusTest)
2024-07-08 14:43:22,016 bbtmf-4ag171p4l JUnitStarter[93572] DEBUG [io.qua.boo.cla.QuarkusClassLoader] (main) Adding elements io.quarkus.bootstrap.classloading.PathTreeClassPathElement[io.netty:netty-resolver-dns / runtime=true resources=137] to QuarkusClassLoader Augmentation Class Loader: TEST for PaymentControllerTest (QuarkusTest)
2024-07-08 14:43:22,016 bbtmf-4ag171p4l JUnitStarter[93572] DEBUG [io.qua.boo.cla.QuarkusClassLoader] (main) Adding elements io.quarkus.bootstrap.classloading.PathTreeClassPathElement[io.netty:netty-codec-dns / runtime=true resources=65] to QuarkusClassLoader Augmentation Class Loader: TEST for PaymentControllerTest (QuarkusTest)
2024-07-08 14:43:22,016 bbtmf-4ag171p4l JUnitStarter[93572] DEBUG [io.qua.boo.cla.QuarkusClassLoader] (main) Adding parent first element io.quarkus.bootstrap.classloading.PathTreeClassPathElement[io.smallrye.common:smallrye-common-constraint / runtime=true resources=19] to QuarkusClassLoader Augmentation Class Loader: TEST for PaymentControllerTest (QuarkusTest)
2024-07-08 14:43:22,016 bbtmf-4ag171p4l JUnitStarter[93572] DEBUG [io.qua.boo.cla.QuarkusClassLoader] (main) Adding elements io.quarkus.bootstrap.classloading.PathTreeClassPathElement[io.smallrye.common:smallrye-common-constraint / runtime=true resources=19] to QuarkusClassLoader Augmentation Class Loader: TEST for PaymentControllerTest (QuarkusTest)
2024-07-08 14:43:22,016 bbtmf-4ag171p4l JUnitStarter[93572] DEBUG [io.qua.boo.cla.QuarkusClassLoader] (main) Adding elements io.quarkus.bootstrap.classloading.PathTreeClassPathElement[io.quarkus.security:quarkus-security / runtime=true resources=43] to QuarkusClassLoader Augmentation Class Loader: TEST for PaymentControllerTest (QuarkusTest)
2024-07-08 14:43:22,016 bbtmf-4ag171p4l JUnitStarter[93572] DEBUG [io.qua.boo.cla.QuarkusClassLoader] (main) Adding elements io.quarkus.bootstrap.classloading.PathTreeClassPathElement[io.quarkus:quarkus-vertx / runtime=true resources=122] to QuarkusClassLoader Augmentation Class Loader: TEST for PaymentControllerTest (QuarkusTest)
2024-07-08 14:43:22,016 bbtmf-4ag171p4l JUnitStarter[93572] DEBUG [io.qua.boo.cla.QuarkusClassLoader] (main) Adding elements io.quarkus.bootstrap.classloading.PathTreeClassPathElement[io.quarkus:quarkus-netty / runtime=true resources=75] to QuarkusClassLoader Augmentation Class Loader: TEST for PaymentControllerTest (QuarkusTest)
2024-07-08 14:43:22,017 bbtmf-4ag171p4l JUnitStarter[93572] DEBUG [io.qua.boo.cla.QuarkusClassLoader] (main) Adding elements io.quarkus.bootstrap.classloading.PathTreeClassPathElement[io.netty:netty-codec / runtime=true resources=248] to QuarkusClassLoader Augmentation Class Loader: TEST for PaymentControllerTest (QuarkusTest)
2024-07-08 14:43:22,017 bbtmf-4ag171p4l JUnitStarter[93572] DEBUG [io.qua.boo.cla.QuarkusClassLoader] (main) Adding elements io.quarkus.bootstrap.classloading.PathTreeClassPathElement[com.aayushatharva.brotli4j:brotli4j / runtime=true resources=51] to QuarkusClassLoader Augmentation Class Loader: TEST for PaymentControllerTest (QuarkusTest)
2024-07-08 14:43:22,017 bbtmf-4ag171p4l JUnitStarter[93572] DEBUG [io.qua.boo.cla.QuarkusClassLoader] (main) Adding elements io.quarkus.bootstrap.classloading.PathTreeClassPathElement[com.aayushatharva.brotli4j:service / runtime=true resources=16] to QuarkusClassLoader Augmentation Class Loader: TEST for PaymentControllerTest (QuarkusTest)
2024-07-08 14:43:22,017 bbtmf-4ag171p4l JUnitStarter[93572] DEBUG [io.qua.boo.cla.QuarkusClassLoader] (main) Adding elements io.quarkus.bootstrap.classloading.PathTreeClassPathElement[com.aayushatharva.brotli4j:native-linux-x86_64 / runtime=true resources=20] to QuarkusClassLoader Augmentation Class Loader: TEST for PaymentControllerTest (QuarkusTest)
2024-07-08 14:43:22,017 bbtmf-4ag171p4l JUnitStarter[93572] DEBUG [io.qua.boo.cla.QuarkusClassLoader] (main) Adding elements io.quarkus.bootstrap.classloading.PathTreeClassPathElement[io.netty:netty-codec-haproxy / runtime=true resources=39] to QuarkusClassLoader Augmentation Class Loader: TEST for PaymentControllerTest (QuarkusTest)
2024-07-08 14:43:22,017 bbtmf-4ag171p4l JUnitStarter[93572] DEBUG [io.qua.boo.cla.QuarkusClassLoader] (main) Adding elements io.quarkus.bootstrap.classloading.PathTreeClassPathElement[io.smallrye.common:smallrye-common-annotation / runtime=true resources=21] to QuarkusClassLoader Augmentation Class Loader: TEST for PaymentControllerTest (QuarkusTest)
2024-07-08 14:43:22,017 bbtmf-4ag171p4l JUnitStarter[93572] DEBUG [io.qua.boo.cla.QuarkusClassLoader] (main) Adding elements io.quarkus.bootstrap.classloading.PathTreeClassPathElement[io.quarkus:quarkus-virtual-threads / runtime=true resources=31] to QuarkusClassLoader Augmentation Class Loader: TEST for PaymentControllerTest (QuarkusTest)
2024-07-08 14:43:22,017 bbtmf-4ag171p4l JUnitStarter[93572] DEBUG [io.qua.boo.cla.QuarkusClassLoader] (main) Adding parent first element io.quarkus.bootstrap.classloading.PathTreeClassPathElement[io.quarkus:quarkus-vertx-latebound-mdc-provider / runtime=true resources=18] to QuarkusClassLoader Augmentation Class Loader: TEST for PaymentControllerTest (QuarkusTest)
2024-07-08 14:43:22,018 bbtmf-4ag171p4l JUnitStarter[93572] DEBUG [io.qua.boo.cla.QuarkusClassLoader] (main) Adding elements io.quarkus.bootstrap.classloading.PathTreeClassPathElement[io.quarkus:quarkus-vertx-latebound-mdc-provider / runtime=true resources=18] to QuarkusClassLoader Augmentation Class Loader: TEST for PaymentControllerTest (QuarkusTest)
2024-07-08 14:43:22,018 bbtmf-4ag171p4l JUnitStarter[93572] DEBUG [io.qua.boo.cla.QuarkusClassLoader] (main) Adding elements io.quarkus.bootstrap.classloading.PathTreeClassPathElement[io.smallrye.reactive:smallrye-mutiny-vertx-core / runtime=true resources=115] to QuarkusClassLoader Augmentation Class Loader: TEST for PaymentControllerTest (QuarkusTest)
2024-07-08 14:43:22,018 bbtmf-4ag171p4l JUnitStarter[93572] DEBUG [io.qua.boo.cla.QuarkusClassLoader] (main) Adding elements io.quarkus.bootstrap.classloading.PathTreeClassPathElement[io.smallrye.reactive:smallrye-mutiny-vertx-runtime / runtime=true resources=30] to QuarkusClassLoader Augmentation Class Loader: TEST for PaymentControllerTest (QuarkusTest)
2024-07-08 14:43:22,018 bbtmf-4ag171p4l JUnitStarter[93572] DEBUG [io.qua.boo.cla.QuarkusClassLoader] (main) Adding elements io.quarkus.bootstrap.classloading.PathTreeClassPathElement[io.smallrye.reactive:vertx-mutiny-generator / runtime=true resources=60] to QuarkusClassLoader Augmentation Class Loader: TEST for PaymentControllerTest (QuarkusTest)
2024-07-08 14:43:22,018 bbtmf-4ag171p4l JUnitStarter[93572] DEBUG [io.qua.boo.cla.QuarkusClassLoader] (main) Adding elements io.quarkus.bootstrap.classloading.PathTreeClassPathElement[io.vertx:vertx-codegen / runtime=true resources=125] to QuarkusClassLoader Augmentation Class Loader: TEST for PaymentControllerTest (QuarkusTest)
2024-07-08 14:43:22,018 bbtmf-4ag171p4l JUnitStarter[93572] DEBUG [io.qua.boo.cla.QuarkusClassLoader] (main) Adding elements io.quarkus.bootstrap.classloading.PathTreeClassPathElement[io.smallrye:smallrye-fault-tolerance-vertx / runtime=true resources=19] to QuarkusClassLoader Augmentation Class Loader: TEST for PaymentControllerTest (QuarkusTest)
2024-07-08 14:43:22,018 bbtmf-4ag171p4l JUnitStarter[93572] DEBUG [io.qua.boo.cla.QuarkusClassLoader] (main) Adding elements io.quarkus.bootstrap.classloading.PathTreeClassPathElement[io.smallrye.reactive:smallrye-mutiny-vertx-web / runtime=true resources=79] to QuarkusClassLoader Augmentation Class Loader: TEST for PaymentControllerTest (QuarkusTest)
2024-07-08 14:43:22,018 bbtmf-4ag171p4l JUnitStarter[93572] DEBUG [io.qua.boo.cla.QuarkusClassLoader] (main) Adding elements io.quarkus.bootstrap.classloading.PathTreeClassPathElement[io.smallrye.reactive:smallrye-mutiny-vertx-web-common / runtime=true resources=24] to QuarkusClassLoader Augmentation Class Loader: TEST for PaymentControllerTest (QuarkusTest)
2024-07-08 14:43:22,018 bbtmf-4ag171p4l JUnitStarter[93572] DEBUG [io.qua.boo.cla.QuarkusClassLoader] (main) Adding elements io.quarkus.bootstrap.classloading.PathTreeClassPathElement[io.smallrye.reactive:smallrye-mutiny-vertx-auth-common / runtime=true resources=33] to QuarkusClassLoader Augmentation Class Loader: TEST for PaymentControllerTest (QuarkusTest)
2024-07-08 14:43:22,019 bbtmf-4ag171p4l JUnitStarter[93572] DEBUG [io.qua.boo.cla.QuarkusClassLoader] (main) Adding elements io.quarkus.bootstrap.classloading.PathTreeClassPathElement[io.smallrye.reactive:smallrye-mutiny-vertx-bridge-common / runtime=true resources=15] to QuarkusClassLoader Augmentation Class Loader: TEST for PaymentControllerTest (QuarkusTest)
2024-07-08 14:43:22,019 bbtmf-4ag171p4l JUnitStarter[93572] DEBUG [io.qua.boo.cla.QuarkusClassLoader] (main) Adding elements io.quarkus.bootstrap.classloading.PathTreeClassPathElement[io.smallrye.reactive:smallrye-mutiny-vertx-uri-template / runtime=true resources=15] to QuarkusClassLoader Augmentation Class Loader: TEST for PaymentControllerTest (QuarkusTest)
2024-07-08 14:43:22,019 bbtmf-4ag171p4l JUnitStarter[93572] DEBUG [io.qua.boo.cla.QuarkusClassLoader] (main) Adding elements io.quarkus.bootstrap.classloading.PathTreeClassPathElement[io.vertx:vertx-uri-template / runtime=true resources=40] to QuarkusClassLoader Augmentation Class Loader: TEST for PaymentControllerTest (QuarkusTest)
2024-07-08 14:43:22,019 bbtmf-4ag171p4l JUnitStarter[93572] DEBUG [io.qua.boo.cla.QuarkusClassLoader] (main) Adding elements io.quarkus.bootstrap.classloading.PathTreeClassPathElement[io.vertx:vertx-web / runtime=true resources=197] to QuarkusClassLoader Augmentation Class Loader: TEST for PaymentControllerTest (QuarkusTest)
2024-07-08 14:43:22,019 bbtmf-4ag171p4l JUnitStarter[93572] DEBUG [io.qua.boo.cla.QuarkusClassLoader] (main) Adding elements io.quarkus.bootstrap.classloading.PathTreeClassPathElement[io.vertx:vertx-web-common / runtime=true resources=39] to QuarkusClassLoader Augmentation Class Loader: TEST for PaymentControllerTest (QuarkusTest)
2024-07-08 14:43:22,019 bbtmf-4ag171p4l JUnitStarter[93572] DEBUG [io.qua.boo.cla.QuarkusClassLoader] (main) Adding elements io.quarkus.bootstrap.classloading.PathTreeClassPathElement[io.vertx:vertx-auth-common / runtime=true resources=107] to QuarkusClassLoader Augmentation Class Loader: TEST for PaymentControllerTest (QuarkusTest)
2024-07-08 14:43:22,020 bbtmf-4ag171p4l JUnitStarter[93572] DEBUG [io.qua.boo.cla.QuarkusClassLoader] (main) Adding elements io.quarkus.bootstrap.classloading.PathTreeClassPathElement[io.vertx:vertx-bridge-common / runtime=true resources=19] to QuarkusClassLoader Augmentation Class Loader: TEST for PaymentControllerTest (QuarkusTest)
2024-07-08 14:43:22,020 bbtmf-4ag171p4l JUnitStarter[93572] DEBUG [io.qua.boo.cla.QuarkusClassLoader] (main) Adding elements io.quarkus.bootstrap.classloading.PathTreeClassPathElement[io.github.crac:org-crac / runtime=true resources=17] to QuarkusClassLoader Augmentation Class Loader: TEST for PaymentControllerTest (QuarkusTest)
2024-07-08 14:43:22,020 bbtmf-4ag171p4l JUnitStarter[93572] DEBUG [io.qua.boo.cla.QuarkusClassLoader] (main) Adding elements io.quarkus.bootstrap.classloading.PathTreeClassPathElement[io.quarkus:quarkus-resteasy-server-common / runtime=true resources=22] to QuarkusClassLoader Augmentation Class Loader: TEST for PaymentControllerTest (QuarkusTest)
2024-07-08 14:43:22,020 bbtmf-4ag171p4l JUnitStarter[93572] DEBUG [io.qua.boo.cla.QuarkusClassLoader] (main) Adding elements io.quarkus.bootstrap.classloading.PathTreeClassPathElement[io.quarkus:quarkus-resteasy-common / runtime=true resources=39] to QuarkusClassLoader Augmentation Class Loader: TEST for PaymentControllerTest (QuarkusTest)
2024-07-08 14:43:22,020 bbtmf-4ag171p4l JUnitStarter[93572] DEBUG [io.qua.boo.cla.QuarkusClassLoader] (main) Adding elements io.quarkus.bootstrap.classloading.PathTreeClassPathElement[org.jboss.resteasy:resteasy-core / runtime=true resources=441] to QuarkusClassLoader Augmentation Class Loader: TEST for PaymentControllerTest (QuarkusTest)
2024-07-08 14:43:22,020 bbtmf-4ag171p4l JUnitStarter[93572] DEBUG [io.qua.boo.cla.QuarkusClassLoader] (main) Adding elements io.quarkus.bootstrap.classloading.PathTreeClassPathElement[com.ibm.async:asyncutil / runtime=true resources=103] to QuarkusClassLoader Augmentation Class Loader: TEST for PaymentControllerTest (QuarkusTest)
2024-07-08 14:43:22,020 bbtmf-4ag171p4l JUnitStarter[93572] DEBUG [io.qua.boo.cla.QuarkusClassLoader] (main) Adding elements io.quarkus.bootstrap.classloading.PathTreeClassPathElement[org.eclipse.angus:angus-activation / runtime=true resources=33] to QuarkusClassLoader Augmentation Class Loader: TEST for PaymentControllerTest (QuarkusTest)
2024-07-08 14:43:22,020 bbtmf-4ag171p4l JUnitStarter[93572] DEBUG [io.qua.boo.cla.QuarkusClassLoader] (main) Adding elements io.quarkus.bootstrap.classloading.PathTreeClassPathElement[org.jboss.resteasy.microprofile:microprofile-config / runtime=true resources=22] to QuarkusClassLoader Augmentation Class Loader: TEST for PaymentControllerTest (QuarkusTest)
2024-07-08 14:43:22,021 bbtmf-4ag171p4l JUnitStarter[93572] DEBUG [io.qua.boo.cla.QuarkusClassLoader] (main) Adding elements io.quarkus.bootstrap.classloading.PathTreeClassPathElement[jakarta.servlet:jakarta.servlet-api / runtime=true resources=157] to QuarkusClassLoader Augmentation Class Loader: TEST for PaymentControllerTest (QuarkusTest)
2024-07-08 14:43:22,021 bbtmf-4ag171p4l JUnitStarter[93572] DEBUG [io.qua.boo.cla.QuarkusClassLoader] (main) Adding elements io.quarkus.bootstrap.classloading.PathTreeClassPathElement[org.jboss.resteasy:resteasy-cdi / runtime=true resources=32] to QuarkusClassLoader Augmentation Class Loader: TEST for PaymentControllerTest (QuarkusTest)
2024-07-08 14:43:22,021 bbtmf-4ag171p4l JUnitStarter[93572] DEBUG [io.qua.boo.cla.QuarkusClassLoader] (main) Adding elements io.quarkus.bootstrap.classloading.PathTreeClassPathElement[jakarta.interceptor:jakarta.interceptor-api / runtime=true resources=23] to QuarkusClassLoader Augmentation Class Loader: TEST for PaymentControllerTest (QuarkusTest)
2024-07-08 14:43:22,021 bbtmf-4ag171p4l JUnitStarter[93572] DEBUG [io.qua.boo.cla.QuarkusClassLoader] (main) Adding elements io.quarkus.bootstrap.classloading.PathTreeClassPathElement[org.jboss.resteasy:resteasy-core-spi / runtime=true resources=205] to QuarkusClassLoader Augmentation Class Loader: TEST for PaymentControllerTest (QuarkusTest)
2024-07-08 14:43:22,021 bbtmf-4ag171p4l JUnitStarter[93572] DEBUG [io.qua.boo.cla.QuarkusClassLoader] (main) Adding elements io.quarkus.bootstrap.classloading.PathTreeClassPathElement[jakarta.validation:jakarta.validation-api / runtime=true resources=161] to QuarkusClassLoader Augmentation Class Loader: TEST for PaymentControllerTest (QuarkusTest)
2024-07-08 14:43:22,021 bbtmf-4ag171p4l JUnitStarter[93572] DEBUG [io.qua.boo.cla.QuarkusClassLoader] (main) Adding elements io.quarkus.bootstrap.classloading.PathTreeClassPathElement[io.quarkus:quarkus-arc / runtime=true resources=96] to QuarkusClassLoader Augmentation Class Loader: TEST for PaymentControllerTest (QuarkusTest)
2024-07-08 14:43:22,021 bbtmf-4ag171p4l JUnitStarter[93572] DEBUG [io.qua.boo.cla.QuarkusClassLoader] (main) Adding elements io.quarkus.bootstrap.classloading.PathTreeClassPathElement[io.quarkus.arc:arc / runtime=true resources=201] to QuarkusClassLoader Augmentation Class Loader: TEST for PaymentControllerTest (QuarkusTest)
2024-07-08 14:43:22,021 bbtmf-4ag171p4l JUnitStarter[93572] DEBUG [io.qua.boo.cla.QuarkusClassLoader] (main) Adding elements io.quarkus.bootstrap.classloading.PathTreeClassPathElement[jakarta.enterprise:jakarta.enterprise.cdi-api / runtime=true resources=214] to QuarkusClassLoader Augmentation Class Loader: TEST for PaymentControllerTest (QuarkusTest)
2024-07-08 14:43:22,022 bbtmf-4ag171p4l JUnitStarter[93572] DEBUG [io.qua.boo.cla.QuarkusClassLoader] (main) Adding elements io.quarkus.bootstrap.classloading.PathTreeClassPathElement[jakarta.enterprise:jakarta.enterprise.lang-model / runtime=true resources=38] to QuarkusClassLoader Augmentation Class Loader: TEST for PaymentControllerTest (QuarkusTest)
2024-07-08 14:43:22,022 bbtmf-4ag171p4l JUnitStarter[93572] DEBUG [io.qua.boo.cla.QuarkusClassLoader] (main) Adding elements io.quarkus.bootstrap.classloading.PathTreeClassPathElement[jakarta.annotation:jakarta.annotation-api / runtime=true resources=31] to QuarkusClassLoader Augmentation Class Loader: TEST for PaymentControllerTest (QuarkusTest)
2024-07-08 14:43:22,022 bbtmf-4ag171p4l JUnitStarter[93572] DEBUG [io.qua.boo.cla.QuarkusClassLoader] (main) Adding elements io.quarkus.bootstrap.classloading.PathTreeClassPathElement[io.smallrye.reactive:mutiny / runtime=true resources=553] to QuarkusClassLoader Augmentation Class Loader: TEST for PaymentControllerTest (QuarkusTest)
2024-07-08 14:43:22,022 bbtmf-4ag171p4l JUnitStarter[93572] DEBUG [io.qua.boo.cla.QuarkusClassLoader] (main) Adding elements io.quarkus.bootstrap.classloading.PathTreeClassPathElement[org.jctools:jctools-core / runtime=true resources=307] to QuarkusClassLoader Augmentation Class Loader: TEST for PaymentControllerTest (QuarkusTest)
2024-07-08 14:43:22,022 bbtmf-4ag171p4l JUnitStarter[93572] DEBUG [io.qua.boo.cla.QuarkusClassLoader] (main) Adding parent first element io.quarkus.bootstrap.classloading.PathTreeClassPathElement[org.jboss.logging:jboss-logging / runtime=true resources=46] to QuarkusClassLoader Augmentation Class Loader: TEST for PaymentControllerTest (QuarkusTest)
2024-07-08 14:43:22,022 bbtmf-4ag171p4l JUnitStarter[93572] DEBUG [io.qua.boo.cla.QuarkusClassLoader] (main) Adding elements io.quarkus.bootstrap.classloading.PathTreeClassPathElement[org.jboss.logging:jboss-logging / runtime=true resources=46] to QuarkusClassLoader Augmentation Class Loader: TEST for PaymentControllerTest (QuarkusTest)
2024-07-08 14:43:22,023 bbtmf-4ag171p4l JUnitStarter[93572] DEBUG [io.qua.boo.cla.QuarkusClassLoader] (main) Adding elements io.quarkus.bootstrap.classloading.PathTreeClassPathElement[io.quarkus:quarkus-core / runtime=true resources=309] to QuarkusClassLoader Augmentation Class Loader: TEST for PaymentControllerTest (QuarkusTest)
2024-07-08 14:43:22,023 bbtmf-4ag171p4l JUnitStarter[93572] DEBUG [io.qua.boo.cla.QuarkusClassLoader] (main) Adding elements io.quarkus.bootstrap.classloading.PathTreeClassPathElement[jakarta.inject:jakarta.inject-api / runtime=true resources=18] to QuarkusClassLoader Augmentation Class Loader: TEST for PaymentControllerTest (QuarkusTest)
2024-07-08 14:43:22,023 bbtmf-4ag171p4l JUnitStarter[93572] DEBUG [io.qua.boo.cla.QuarkusClassLoader] (main) Adding parent first element io.quarkus.bootstrap.classloading.PathTreeClassPathElement[io.smallrye.common:smallrye-common-os / runtime=true resources=20] to QuarkusClassLoader Augmentation Class Loader: TEST for PaymentControllerTest (QuarkusTest)
2024-07-08 14:43:22,023 bbtmf-4ag171p4l JUnitStarter[93572] DEBUG [io.qua.boo.cla.QuarkusClassLoader] (main) Adding elements io.quarkus.bootstrap.classloading.PathTreeClassPathElement[io.smallrye.common:smallrye-common-os / runtime=true resources=20] to QuarkusClassLoader Augmentation Class Loader: TEST for PaymentControllerTest (QuarkusTest)
2024-07-08 14:43:22,023 bbtmf-4ag171p4l JUnitStarter[93572] DEBUG [io.qua.boo.cla.QuarkusClassLoader] (main) Adding parent first element io.quarkus.bootstrap.classloading.PathTreeClassPathElement[io.quarkus:quarkus-development-mode-spi / runtime=true resources=58] to QuarkusClassLoader Augmentation Class Loader: TEST for PaymentControllerTest (QuarkusTest)
2024-07-08 14:43:22,023 bbtmf-4ag171p4l JUnitStarter[93572] DEBUG [io.qua.boo.cla.QuarkusClassLoader] (main) Adding elements io.quarkus.bootstrap.classloading.PathTreeClassPathElement[io.quarkus:quarkus-development-mode-spi / runtime=true resources=58] to QuarkusClassLoader Augmentation Class Loader: TEST for PaymentControllerTest (QuarkusTest)
2024-07-08 14:43:22,024 bbtmf-4ag171p4l JUnitStarter[93572] DEBUG [io.qua.boo.cla.QuarkusClassLoader] (main) Adding elements io.quarkus.bootstrap.classloading.PathTreeClassPathElement[io.smallrye.config:smallrye-config / runtime=true resources=30] to QuarkusClassLoader Augmentation Class Loader: TEST for PaymentControllerTest (QuarkusTest)
2024-07-08 14:43:22,024 bbtmf-4ag171p4l JUnitStarter[93572] DEBUG [io.qua.boo.cla.QuarkusClassLoader] (main) Adding elements io.quarkus.bootstrap.classloading.PathTreeClassPathElement[io.smallrye.config:smallrye-config-core / runtime=true resources=225] to QuarkusClassLoader Augmentation Class Loader: TEST for PaymentControllerTest (QuarkusTest)
2024-07-08 14:43:22,024 bbtmf-4ag171p4l JUnitStarter[93572] DEBUG [io.qua.boo.cla.QuarkusClassLoader] (main) Adding elements io.quarkus.bootstrap.classloading.PathTreeClassPathElement[io.smallrye.common:smallrye-common-classloader / runtime=true resources=17] to QuarkusClassLoader Augmentation Class Loader: TEST for PaymentControllerTest (QuarkusTest)
2024-07-08 14:43:22,024 bbtmf-4ag171p4l JUnitStarter[93572] DEBUG [io.qua.boo.cla.QuarkusClassLoader] (main) Adding elements io.quarkus.bootstrap.classloading.PathTreeClassPathElement[io.smallrye.config:smallrye-config-common / runtime=true resources=20] to QuarkusClassLoader Augmentation Class Loader: TEST for PaymentControllerTest (QuarkusTest)
2024-07-08 14:43:22,024 bbtmf-4ag171p4l JUnitStarter[93572] DEBUG [io.qua.boo.cla.QuarkusClassLoader] (main) Adding parent first element io.quarkus.bootstrap.classloading.PathTreeClassPathElement[org.jboss.logmanager:jboss-logmanager / runtime=true resources=247] to QuarkusClassLoader Augmentation Class Loader: TEST for PaymentControllerTest (QuarkusTest)
2024-07-08 14:43:22,024 bbtmf-4ag171p4l JUnitStarter[93572] DEBUG [io.qua.boo.cla.QuarkusClassLoader] (main) Adding elements io.quarkus.bootstrap.classloading.PathTreeClassPathElement[org.jboss.logmanager:jboss-logmanager / runtime=true resources=247] to QuarkusClassLoader Augmentation Class Loader: TEST for PaymentControllerTest (QuarkusTest)
2024-07-08 14:43:22,024 bbtmf-4ag171p4l JUnitStarter[93572] DEBUG [io.qua.boo.cla.QuarkusClassLoader] (main) Adding parent first element io.quarkus.bootstrap.classloading.PathTreeClassPathElement[io.smallrye.common:smallrye-common-cpu / runtime=true resources=19] to QuarkusClassLoader Augmentation Class Loader: TEST for PaymentControllerTest (QuarkusTest)
2024-07-08 14:43:22,024 bbtmf-4ag171p4l JUnitStarter[93572] DEBUG [io.qua.boo.cla.QuarkusClassLoader] (main) Adding elements io.quarkus.bootstrap.classloading.PathTreeClassPathElement[io.smallrye.common:smallrye-common-cpu / runtime=true resources=19] to QuarkusClassLoader Augmentation Class Loader: TEST for PaymentControllerTest (QuarkusTest)
2024-07-08 14:43:22,024 bbtmf-4ag171p4l JUnitStarter[93572] DEBUG [io.qua.boo.cla.QuarkusClassLoader] (main) Adding parent first element io.quarkus.bootstrap.classloading.PathTreeClassPathElement[io.smallrye.common:smallrye-common-expression / runtime=true resources=26] to QuarkusClassLoader Augmentation Class Loader: TEST for PaymentControllerTest (QuarkusTest)
2024-07-08 14:43:22,025 bbtmf-4ag171p4l JUnitStarter[93572] DEBUG [io.qua.boo.cla.QuarkusClassLoader] (main) Adding elements io.quarkus.bootstrap.classloading.PathTreeClassPathElement[io.smallrye.common:smallrye-common-expression / runtime=true resources=26] to QuarkusClassLoader Augmentation Class Loader: TEST for PaymentControllerTest (QuarkusTest)
2024-07-08 14:43:22,025 bbtmf-4ag171p4l JUnitStarter[93572] DEBUG [io.qua.boo.cla.QuarkusClassLoader] (main) Adding parent first element io.quarkus.bootstrap.classloading.PathTreeClassPathElement[io.smallrye.common:smallrye-common-function / runtime=true resources=63] to QuarkusClassLoader Augmentation Class Loader: TEST for PaymentControllerTest (QuarkusTest)
2024-07-08 14:43:22,025 bbtmf-4ag171p4l JUnitStarter[93572] DEBUG [io.qua.boo.cla.QuarkusClassLoader] (main) Adding elements io.quarkus.bootstrap.classloading.PathTreeClassPathElement[io.smallrye.common:smallrye-common-function / runtime=true resources=63] to QuarkusClassLoader Augmentation Class Loader: TEST for PaymentControllerTest (QuarkusTest)
2024-07-08 14:43:22,025 bbtmf-4ag171p4l JUnitStarter[93572] DEBUG [io.qua.boo.cla.QuarkusClassLoader] (main) Adding parent first element io.quarkus.bootstrap.classloading.PathTreeClassPathElement[io.smallrye.common:smallrye-common-net / runtime=true resources=31] to QuarkusClassLoader Augmentation Class Loader: TEST for PaymentControllerTest (QuarkusTest)
2024-07-08 14:43:22,025 bbtmf-4ag171p4l JUnitStarter[93572] DEBUG [io.qua.boo.cla.QuarkusClassLoader] (main) Adding elements io.quarkus.bootstrap.classloading.PathTreeClassPathElement[io.smallrye.common:smallrye-common-net / runtime=true resources=31] to QuarkusClassLoader Augmentation Class Loader: TEST for PaymentControllerTest (QuarkusTest)
2024-07-08 14:43:22,025 bbtmf-4ag171p4l JUnitStarter[93572] DEBUG [io.qua.boo.cla.QuarkusClassLoader] (main) Adding parent first element io.quarkus.bootstrap.classloading.PathTreeClassPathElement[io.smallrye.common:smallrye-common-ref / runtime=true resources=27] to QuarkusClassLoader Augmentation Class Loader: TEST for PaymentControllerTest (QuarkusTest)
2024-07-08 14:43:22,025 bbtmf-4ag171p4l JUnitStarter[93572] DEBUG [io.qua.boo.cla.QuarkusClassLoader] (main) Adding elements io.quarkus.bootstrap.classloading.PathTreeClassPathElement[io.smallrye.common:smallrye-common-ref / runtime=true resources=27] to QuarkusClassLoader Augmentation Class Loader: TEST for PaymentControllerTest (QuarkusTest)
2024-07-08 14:43:22,025 bbtmf-4ag171p4l JUnitStarter[93572] DEBUG [io.qua.boo.cla.QuarkusClassLoader] (main) Adding elements io.quarkus.bootstrap.classloading.PathTreeClassPathElement[org.jboss.logging:jboss-logging-annotations / runtime=true resources=38] to QuarkusClassLoader Augmentation Class Loader: TEST for PaymentControllerTest (QuarkusTest)
2024-07-08 14:43:22,025 bbtmf-4ag171p4l JUnitStarter[93572] DEBUG [io.qua.boo.cla.QuarkusClassLoader] (main) Adding elements io.quarkus.bootstrap.classloading.PathTreeClassPathElement[org.jboss.threads:jboss-threads / runtime=true resources=93] to QuarkusClassLoader Augmentation Class Loader: TEST for PaymentControllerTest (QuarkusTest)
2024-07-08 14:43:22,026 bbtmf-4ag171p4l JUnitStarter[93572] DEBUG [io.qua.boo.cla.QuarkusClassLoader] (main) Adding parent first element io.quarkus.bootstrap.classloading.PathTreeClassPathElement[org.slf4j:slf4j-api / runtime=true resources=67] to QuarkusClassLoader Augmentation Class Loader: TEST for PaymentControllerTest (QuarkusTest)
2024-07-08 14:43:22,026 bbtmf-4ag171p4l JUnitStarter[93572] DEBUG [io.qua.boo.cla.QuarkusClassLoader] (main) Adding elements io.quarkus.bootstrap.classloading.PathTreeClassPathElement[org.slf4j:slf4j-api / runtime=true resources=67] to QuarkusClassLoader Augmentation Class Loader: TEST for PaymentControllerTest (QuarkusTest)
2024-07-08 14:43:22,026 bbtmf-4ag171p4l JUnitStarter[93572] DEBUG [io.qua.boo.cla.QuarkusClassLoader] (main) Adding parent first element io.quarkus.bootstrap.classloading.PathTreeClassPathElement[org.jboss.slf4j:slf4j-jboss-logmanager / runtime=true resources=20] to QuarkusClassLoader Augmentation Class Loader: TEST for PaymentControllerTest (QuarkusTest)
2024-07-08 14:43:22,026 bbtmf-4ag171p4l JUnitStarter[93572] DEBUG [io.qua.boo.cla.QuarkusClassLoader] (main) Adding elements io.quarkus.bootstrap.classloading.PathTreeClassPathElement[org.jboss.slf4j:slf4j-jboss-logmanager / runtime=true resources=20] to QuarkusClassLoader Augmentation Class Loader: TEST for PaymentControllerTest (QuarkusTest)
2024-07-08 14:43:22,026 bbtmf-4ag171p4l JUnitStarter[93572] DEBUG [io.qua.boo.cla.QuarkusClassLoader] (main) Adding elements io.quarkus.bootstrap.classloading.PathTreeClassPathElement[org.wildfly.common:wildfly-common / runtime=true resources=259] to QuarkusClassLoader Augmentation Class Loader: TEST for PaymentControllerTest (QuarkusTest)
2024-07-08 14:43:22,026 bbtmf-4ag171p4l JUnitStarter[93572] DEBUG [io.qua.boo.cla.QuarkusClassLoader] (main) Adding parent first element io.quarkus.bootstrap.classloading.PathTreeClassPathElement[io.quarkus:quarkus-bootstrap-runner / runtime=true resources=42] to QuarkusClassLoader Augmentation Class Loader: TEST for PaymentControllerTest (QuarkusTest)
2024-07-08 14:43:22,026 bbtmf-4ag171p4l JUnitStarter[93572] DEBUG [io.qua.boo.cla.QuarkusClassLoader] (main) Adding elements io.quarkus.bootstrap.classloading.PathTreeClassPathElement[io.quarkus:quarkus-bootstrap-runner / runtime=true resources=42] to QuarkusClassLoader Augmentation Class Loader: TEST for PaymentControllerTest (QuarkusTest)
2024-07-08 14:43:22,026 bbtmf-4ag171p4l JUnitStarter[93572] DEBUG [io.qua.boo.cla.QuarkusClassLoader] (main) Adding elements io.quarkus.bootstrap.classloading.PathTreeClassPathElement[io.quarkus:quarkus-fs-util / runtime=true resources=26] to QuarkusClassLoader Augmentation Class Loader: TEST for PaymentControllerTest (QuarkusTest)
2024-07-08 14:43:22,027 bbtmf-4ag171p4l JUnitStarter[93572] DEBUG [io.qua.boo.cla.QuarkusClassLoader] (main) Adding elements io.quarkus.bootstrap.classloading.PathTreeClassPathElement[org.eclipse.microprofile.context-propagation:microprofile-context-propagation-api / runtime=true resources=25] to QuarkusClassLoader Augmentation Class Loader: TEST for PaymentControllerTest (QuarkusTest)
2024-07-08 14:43:22,027 bbtmf-4ag171p4l JUnitStarter[93572] DEBUG [io.qua.boo.cla.QuarkusClassLoader] (main) Adding elements io.quarkus.bootstrap.classloading.PathTreeClassPathElement[io.quarkus:quarkus-hibernate-validator / runtime=true resources=62] to QuarkusClassLoader Augmentation Class Loader: TEST for PaymentControllerTest (QuarkusTest)
2024-07-08 14:43:22,027 bbtmf-4ag171p4l JUnitStarter[93572] DEBUG [io.qua.boo.cla.QuarkusClassLoader] (main) Adding elements io.quarkus.bootstrap.classloading.PathTreeClassPathElement[org.hibernate.validator:hibernate-validator / runtime=true resources=1037] to QuarkusClassLoader Augmentation Class Loader: TEST for PaymentControllerTest (QuarkusTest)
2024-07-08 14:43:22,027 bbtmf-4ag171p4l JUnitStarter[93572] DEBUG [io.qua.boo.cla.QuarkusClassLoader] (main) Adding elements io.quarkus.bootstrap.classloading.PathTreeClassPathElement[com.fasterxml:classmate / runtime=true resources=59] to QuarkusClassLoader Augmentation Class Loader: TEST for PaymentControllerTest (QuarkusTest)
2024-07-08 14:43:22,027 bbtmf-4ag171p4l JUnitStarter[93572] DEBUG [io.qua.boo.cla.QuarkusClassLoader] (main) Adding elements io.quarkus.bootstrap.classloading.PathTreeClassPathElement[org.glassfish.expressly:expressly / runtime=true resources=129] to QuarkusClassLoader Augmentation Class Loader: TEST for PaymentControllerTest (QuarkusTest)
2024-07-08 14:43:22,027 bbtmf-4ag171p4l JUnitStarter[93572] DEBUG [io.qua.boo.cla.QuarkusClassLoader] (main) Adding elements io.quarkus.bootstrap.classloading.PathTreeClassPathElement[jakarta.el:jakarta.el-api / runtime=true resources=65] to QuarkusClassLoader Augmentation Class Loader: TEST for PaymentControllerTest (QuarkusTest)
2024-07-08 14:43:22,027 bbtmf-4ag171p4l JUnitStarter[93572] DEBUG [io.qua.boo.cla.QuarkusClassLoader] (main) Adding elements io.quarkus.bootstrap.classloading.PathTreeClassPathElement[io.smallrye.config:smallrye-config-validator / runtime=true resources=14] to QuarkusClassLoader Augmentation Class Loader: TEST for PaymentControllerTest (QuarkusTest)
2024-07-08 14:43:22,027 bbtmf-4ag171p4l JUnitStarter[93572] DEBUG [io.qua.boo.cla.QuarkusClassLoader] (main) Adding elements io.quarkus.bootstrap.classloading.PathTreeClassPathElement[jakarta.ws.rs:jakarta.ws.rs-api / runtime=true resources=167] to QuarkusClassLoader Augmentation Class Loader: TEST for PaymentControllerTest (QuarkusTest)
2024-07-08 14:43:22,028 bbtmf-4ag171p4l JUnitStarter[93572] DEBUG [io.qua.boo.cla.QuarkusClassLoader] (main) Adding elements io.quarkus.bootstrap.classloading.PathTreeClassPathElement[io.quarkus:quarkus-hibernate-orm-panache / runtime=true resources=32] to QuarkusClassLoader Augmentation Class Loader: TEST for PaymentControllerTest (QuarkusTest)
2024-07-08 14:43:22,028 bbtmf-4ag171p4l JUnitStarter[93572] DEBUG [io.qua.boo.cla.QuarkusClassLoader] (main) Adding elements io.quarkus.bootstrap.classloading.PathTreeClassPathElement[io.quarkus:quarkus-hibernate-orm-panache-common / runtime=true resources=27] to QuarkusClassLoader Augmentation Class Loader: TEST for PaymentControllerTest (QuarkusTest)
2024-07-08 14:43:22,028 bbtmf-4ag171p4l JUnitStarter[93572] DEBUG [io.qua.boo.cla.QuarkusClassLoader] (main) Adding elements io.quarkus.bootstrap.classloading.PathTreeClassPathElement[io.quarkus:quarkus-panache-hibernate-common / runtime=true resources=17] to QuarkusClassLoader Augmentation Class Loader: TEST for PaymentControllerTest (QuarkusTest)
2024-07-08 14:43:22,028 bbtmf-4ag171p4l JUnitStarter[93572] DEBUG [io.qua.boo.cla.QuarkusClassLoader] (main) Adding elements io.quarkus.bootstrap.classloading.PathTreeClassPathElement[io.quarkus:quarkus-panache-common / runtime=true resources=24] to QuarkusClassLoader Augmentation Class Loader: TEST for PaymentControllerTest (QuarkusTest)
2024-07-08 14:43:22,028 bbtmf-4ag171p4l JUnitStarter[93572] DEBUG [io.qua.boo.cla.QuarkusClassLoader] (main) Adding elements io.quarkus.bootstrap.classloading.PathTreeClassPathElement[io.quarkus:quarkus-hibernate-orm / runtime=true resources=213] to QuarkusClassLoader Augmentation Class Loader: TEST for PaymentControllerTest (QuarkusTest)
2024-07-08 14:43:22,028 bbtmf-4ag171p4l JUnitStarter[93572] DEBUG [io.qua.boo.cla.QuarkusClassLoader] (main) Adding elements io.quarkus.bootstrap.classloading.PathTreeClassPathElement[io.quarkus:quarkus-agroal / runtime=true resources=56] to QuarkusClassLoader Augmentation Class Loader: TEST for PaymentControllerTest (QuarkusTest)
2024-07-08 14:43:22,028 bbtmf-4ag171p4l JUnitStarter[93572] DEBUG [io.qua.boo.cla.QuarkusClassLoader] (main) Adding elements io.quarkus.bootstrap.classloading.PathTreeClassPathElement[io.quarkus:quarkus-datasource / runtime=true resources=28] to QuarkusClassLoader Augmentation Class Loader: TEST for PaymentControllerTest (QuarkusTest)
2024-07-08 14:43:22,028 bbtmf-4ag171p4l JUnitStarter[93572] DEBUG [io.qua.boo.cla.QuarkusClassLoader] (main) Adding elements io.quarkus.bootstrap.classloading.PathTreeClassPathElement[io.agroal:agroal-api / runtime=true resources=73] to QuarkusClassLoader Augmentation Class Loader: TEST for PaymentControllerTest (QuarkusTest)
2024-07-08 14:43:22,028 bbtmf-4ag171p4l JUnitStarter[93572] DEBUG [io.qua.boo.cla.QuarkusClassLoader] (main) Adding elements io.quarkus.bootstrap.classloading.PathTreeClassPathElement[io.agroal:agroal-narayana / runtime=true resources=23] to QuarkusClassLoader Augmentation Class Loader: TEST for PaymentControllerTest (QuarkusTest)
2024-07-08 14:43:22,028 bbtmf-4ag171p4l JUnitStarter[93572] DEBUG [io.qua.boo.cla.QuarkusClassLoader] (main) Adding elements io.quarkus.bootstrap.classloading.PathTreeClassPathElement[org.jboss:jboss-transaction-spi / runtime=true resources=51] to QuarkusClassLoader Augmentation Class Loader: TEST for PaymentControllerTest (QuarkusTest)
2024-07-08 14:43:22,028 bbtmf-4ag171p4l JUnitStarter[93572] DEBUG [io.qua.boo.cla.QuarkusClassLoader] (main) Adding elements io.quarkus.bootstrap.classloading.PathTreeClassPathElement[io.agroal:agroal-pool / runtime=true resources=68] to QuarkusClassLoader Augmentation Class Loader: TEST for PaymentControllerTest (QuarkusTest)
2024-07-08 14:43:22,029 bbtmf-4ag171p4l JUnitStarter[93572] DEBUG [io.qua.boo.cla.QuarkusClassLoader] (main) Adding elements io.quarkus.bootstrap.classloading.PathTreeClassPathElement[io.quarkus:quarkus-narayana-jta / runtime=true resources=77] to QuarkusClassLoader Augmentation Class Loader: TEST for PaymentControllerTest (QuarkusTest)
2024-07-08 14:43:22,029 bbtmf-4ag171p4l JUnitStarter[93572] DEBUG [io.qua.boo.cla.QuarkusClassLoader] (main) Adding elements io.quarkus.bootstrap.classloading.PathTreeClassPathElement[io.quarkus:quarkus-transaction-annotations / runtime=true resources=14] to QuarkusClassLoader Augmentation Class Loader: TEST for PaymentControllerTest (QuarkusTest)
2024-07-08 14:43:22,029 bbtmf-4ag171p4l JUnitStarter[93572] DEBUG [io.qua.boo.cla.QuarkusClassLoader] (main) Adding elements io.quarkus.bootstrap.classloading.PathTreeClassPathElement[io.quarkus:quarkus-datasource-common / runtime=true resources=17] to QuarkusClassLoader Augmentation Class Loader: TEST for PaymentControllerTest (QuarkusTest)
2024-07-08 14:43:22,029 bbtmf-4ag171p4l JUnitStarter[93572] DEBUG [io.qua.boo.cla.QuarkusClassLoader] (main) Adding elements io.quarkus.bootstrap.classloading.PathTreeClassPathElement[io.smallrye:smallrye-context-propagation-jta / runtime=true resources=19] to QuarkusClassLoader Augmentation Class Loader: TEST for PaymentControllerTest (QuarkusTest)
2024-07-08 14:43:22,029 bbtmf-4ag171p4l JUnitStarter[93572] DEBUG [io.qua.boo.cla.QuarkusClassLoader] (main) Adding elements io.quarkus.bootstrap.classloading.PathTreeClassPathElement[io.smallrye.reactive:smallrye-reactive-converter-api / runtime=true resources=15] to QuarkusClassLoader Augmentation Class Loader: TEST for PaymentControllerTest (QuarkusTest)
2024-07-08 14:43:22,029 bbtmf-4ag171p4l JUnitStarter[93572] DEBUG [io.qua.boo.cla.QuarkusClassLoader] (main) Adding elements io.quarkus.bootstrap.classloading.PathTreeClassPathElement[org.reactivestreams:reactive-streams / runtime=true resources=17] to QuarkusClassLoader Augmentation Class Loader: TEST for PaymentControllerTest (QuarkusTest)
2024-07-08 14:43:22,029 bbtmf-4ag171p4l JUnitStarter[93572] DEBUG [io.qua.boo.cla.QuarkusClassLoader] (main) Adding elements io.quarkus.bootstrap.classloading.PathTreeClassPathElement[io.smallrye.reactive:smallrye-reactive-converter-mutiny / runtime=true resources=18] to QuarkusClassLoader Augmentation Class Loader: TEST for PaymentControllerTest (QuarkusTest)
2024-07-08 14:43:22,030 bbtmf-4ag171p4l JUnitStarter[93572] DEBUG [io.qua.boo.cla.QuarkusClassLoader] (main) Adding elements io.quarkus.bootstrap.classloading.PathTreeClassPathElement[io.smallrye.reactive:mutiny-zero-flow-adapters / runtime=true resources=28] to QuarkusClassLoader Augmentation Class Loader: TEST for PaymentControllerTest (QuarkusTest)
2024-07-08 14:43:22,030 bbtmf-4ag171p4l JUnitStarter[93572] DEBUG [io.qua.boo.cla.QuarkusClassLoader] (main) Adding elements io.quarkus.bootstrap.classloading.PathTreeClassPathElement[org.jboss.narayana.jta:narayana-jta / runtime=true resources=643] to QuarkusClassLoader Augmentation Class Loader: TEST for PaymentControllerTest (QuarkusTest)
2024-07-08 14:43:22,030 bbtmf-4ag171p4l JUnitStarter[93572] DEBUG [io.qua.boo.cla.QuarkusClassLoader] (main) Adding elements io.quarkus.bootstrap.classloading.PathTreeClassPathElement[jakarta.resource:jakarta.resource-api / runtime=true resources=106] to QuarkusClassLoader Augmentation Class Loader: TEST for PaymentControllerTest (QuarkusTest)
2024-07-08 14:43:22,030 bbtmf-4ag171p4l JUnitStarter[93572] DEBUG [io.qua.boo.cla.QuarkusClassLoader] (main) Adding elements io.quarkus.bootstrap.classloading.PathTreeClassPathElement[org.jboss.invocation:jboss-invocation / runtime=true resources=71] to QuarkusClassLoader Augmentation Class Loader: TEST for PaymentControllerTest (QuarkusTest)
2024-07-08 14:43:22,030 bbtmf-4ag171p4l JUnitStarter[93572] DEBUG [io.qua.boo.cla.QuarkusClassLoader] (main) Adding elements io.quarkus.bootstrap.classloading.PathTreeClassPathElement[org.eclipse.microprofile.reactive-streams-operators:microprofile-reactive-streams-operators-api / runtime=true resources=68] to QuarkusClassLoader Augmentation Class Loader: TEST for PaymentControllerTest (QuarkusTest)
2024-07-08 14:43:22,030 bbtmf-4ag171p4l JUnitStarter[93572] DEBUG [io.qua.boo.cla.QuarkusClassLoader] (main) Adding elements io.quarkus.bootstrap.classloading.PathTreeClassPathElement[org.jboss.narayana.jts:narayana-jts-integration / runtime=true resources=50] to QuarkusClassLoader Augmentation Class Loader: TEST for PaymentControllerTest (QuarkusTest)
2024-07-08 14:43:22,030 bbtmf-4ag171p4l JUnitStarter[93572] DEBUG [io.qua.boo.cla.QuarkusClassLoader] (main) Adding elements io.quarkus.bootstrap.classloading.PathTreeClassPathElement[org.hibernate.orm:hibernate-core / runtime=true resources=7172] to QuarkusClassLoader Augmentation Class Loader: TEST for PaymentControllerTest (QuarkusTest)
2024-07-08 14:43:22,030 bbtmf-4ag171p4l JUnitStarter[93572] DEBUG [io.qua.boo.cla.QuarkusClassLoader] (main) Adding elements io.quarkus.bootstrap.classloading.PathTreeClassPathElement[org.antlr:antlr4-runtime / runtime=true resources=232] to QuarkusClassLoader Augmentation Class Loader: TEST for PaymentControllerTest (QuarkusTest)
2024-07-08 14:43:22,030 bbtmf-4ag171p4l JUnitStarter[93572] DEBUG [io.qua.boo.cla.QuarkusClassLoader] (main) Adding parent first element io.quarkus.bootstrap.classloading.PathTreeClassPathElement[net.bytebuddy:byte-buddy / runtime=true resources=2936] to QuarkusClassLoader Augmentation Class Loader: TEST for PaymentControllerTest (QuarkusTest)
2024-07-08 14:43:22,030 bbtmf-4ag171p4l JUnitStarter[93572] DEBUG [io.qua.boo.cla.QuarkusClassLoader] (main) Adding elements io.quarkus.bootstrap.classloading.PathTreeClassPathElement[net.bytebuddy:byte-buddy / runtime=true resources=2936] to QuarkusClassLoader Augmentation Class Loader: TEST for PaymentControllerTest (QuarkusTest)
2024-07-08 14:43:22,031 bbtmf-4ag171p4l JUnitStarter[93572] DEBUG [io.qua.boo.cla.QuarkusClassLoader] (main) Adding elements io.quarkus.bootstrap.classloading.PathTreeClassPathElement[org.hibernate.common:hibernate-commons-annotations / runtime=true resources=69] to QuarkusClassLoader Augmentation Class Loader: TEST for PaymentControllerTest (QuarkusTest)
2024-07-08 14:43:22,031 bbtmf-4ag171p4l JUnitStarter[93572] DEBUG [io.qua.boo.cla.QuarkusClassLoader] (main) Adding elements io.quarkus.bootstrap.classloading.PathTreeClassPathElement[org.hibernate.orm:hibernate-graalvm / runtime=true resources=8] to QuarkusClassLoader Augmentation Class Loader: TEST for PaymentControllerTest (QuarkusTest)
2024-07-08 14:43:22,031 bbtmf-4ag171p4l JUnitStarter[93572] DEBUG [io.qua.boo.cla.QuarkusClassLoader] (main) Adding elements io.quarkus.bootstrap.classloading.PathTreeClassPathElement[org.glassfish.jaxb:jaxb-runtime / runtime=true resources=693] to QuarkusClassLoader Augmentation Class Loader: TEST for PaymentControllerTest (QuarkusTest)
2024-07-08 14:43:22,031 bbtmf-4ag171p4l JUnitStarter[93572] DEBUG [io.qua.boo.cla.QuarkusClassLoader] (main) Adding elements io.quarkus.bootstrap.classloading.PathTreeClassPathElement[org.glassfish.jaxb:jaxb-core / runtime=true resources=158] to QuarkusClassLoader Augmentation Class Loader: TEST for PaymentControllerTest (QuarkusTest)
2024-07-08 14:43:22,031 bbtmf-4ag171p4l JUnitStarter[93572] DEBUG [io.qua.boo.cla.QuarkusClassLoader] (main) Adding elements io.quarkus.bootstrap.classloading.PathTreeClassPathElement[org.glassfish.jaxb:txw2 / runtime=true resources=72] to QuarkusClassLoader Augmentation Class Loader: TEST for PaymentControllerTest (QuarkusTest)
2024-07-08 14:43:22,031 bbtmf-4ag171p4l JUnitStarter[93572] DEBUG [io.qua.boo.cla.QuarkusClassLoader] (main) Adding elements io.quarkus.bootstrap.classloading.PathTreeClassPathElement[com.sun.istack:istack-commons-runtime / runtime=true resources=35] to QuarkusClassLoader Augmentation Class Loader: TEST for PaymentControllerTest (QuarkusTest)
2024-07-08 14:43:22,031 bbtmf-4ag171p4l JUnitStarter[93572] DEBUG [io.qua.boo.cla.QuarkusClassLoader] (main) Adding elements io.quarkus.bootstrap.classloading.PathTreeClassPathElement[jakarta.xml.bind:jakarta.xml.bind-api / runtime=true resources=138] to QuarkusClassLoader Augmentation Class Loader: TEST for PaymentControllerTest (QuarkusTest)
2024-07-08 14:43:22,031 bbtmf-4ag171p4l JUnitStarter[93572] DEBUG [io.qua.boo.cla.QuarkusClassLoader] (main) Adding elements io.quarkus.bootstrap.classloading.PathTreeClassPathElement[jakarta.activation:jakarta.activation-api / runtime=true resources=60] to QuarkusClassLoader Augmentation Class Loader: TEST for PaymentControllerTest (QuarkusTest)
2024-07-08 14:43:22,031 bbtmf-4ag171p4l JUnitStarter[93572] DEBUG [io.qua.boo.cla.QuarkusClassLoader] (main) Adding elements io.quarkus.bootstrap.classloading.PathTreeClassPathElement[jakarta.persistence:jakarta.persistence-api / runtime=true resources=226] to QuarkusClassLoader Augmentation Class Loader: TEST for PaymentControllerTest (QuarkusTest)
2024-07-08 14:43:22,031 bbtmf-4ag171p4l JUnitStarter[93572] DEBUG [io.qua.boo.cla.QuarkusClassLoader] (main) Adding elements io.quarkus.bootstrap.classloading.PathTreeClassPathElement[jakarta.transaction:jakarta.transaction-api / runtime=true resources=32] to QuarkusClassLoader Augmentation Class Loader: TEST for PaymentControllerTest (QuarkusTest)
2024-07-08 14:43:22,032 bbtmf-4ag171p4l JUnitStarter[93572] DEBUG [io.qua.boo.cla.QuarkusClassLoader] (main) Adding elements io.quarkus.bootstrap.classloading.PathTreeClassPathElement[org.hibernate:quarkus-local-cache / runtime=true resources=51] to QuarkusClassLoader Augmentation Class Loader: TEST for PaymentControllerTest (QuarkusTest)
2024-07-08 14:43:22,032 bbtmf-4ag171p4l JUnitStarter[93572] DEBUG [io.qua.boo.cla.QuarkusClassLoader] (main) Adding elements io.quarkus.bootstrap.classloading.PathTreeClassPathElement[io.quarkus:quarkus-caffeine / runtime=true resources=17] to QuarkusClassLoader Augmentation Class Loader: TEST for PaymentControllerTest (QuarkusTest)
2024-07-08 14:43:22,032 bbtmf-4ag171p4l JUnitStarter[93572] DEBUG [io.qua.boo.cla.QuarkusClassLoader] (main) Adding elements io.quarkus.bootstrap.classloading.PathTreeClassPathElement[com.github.ben-manes.caffeine:caffeine / runtime=true resources=712] to QuarkusClassLoader Augmentation Class Loader: TEST for PaymentControllerTest (QuarkusTest)
2024-07-08 14:43:22,032 bbtmf-4ag171p4l JUnitStarter[93572] DEBUG [io.qua.boo.cla.QuarkusClassLoader] (main) Adding elements io.quarkus.bootstrap.classloading.PathTreeClassPathElement[com.google.errorprone:error_prone_annotations / runtime=true resources=48] to QuarkusClassLoader Augmentation Class Loader: TEST for PaymentControllerTest (QuarkusTest)
2024-07-08 14:43:22,032 bbtmf-4ag171p4l JUnitStarter[93572] DEBUG [io.qua.boo.cla.QuarkusClassLoader] (main) Adding elements io.quarkus.bootstrap.classloading.PathTreeClassPathElement[io.quarkus:quarkus-jdbc-h2 / runtime=true resources=27] to QuarkusClassLoader Augmentation Class Loader: TEST for PaymentControllerTest (QuarkusTest)
2024-07-08 14:43:22,032 bbtmf-4ag171p4l JUnitStarter[93572] DEBUG [io.qua.boo.cla.QuarkusClassLoader] (main) Adding parent first element io.quarkus.bootstrap.classloading.PathTreeClassPathElement[com.h2database:h2 / runtime=true resources=1132] to QuarkusClassLoader Augmentation Class Loader: TEST for PaymentControllerTest (QuarkusTest)
2024-07-08 14:43:22,032 bbtmf-4ag171p4l JUnitStarter[93572] DEBUG [io.qua.boo.cla.QuarkusClassLoader] (main) Adding elements io.quarkus.bootstrap.classloading.PathTreeClassPathElement[com.h2database:h2 / runtime=true resources=1132] to QuarkusClassLoader Augmentation Class Loader: TEST for PaymentControllerTest (QuarkusTest)
2024-07-08 14:43:22,032 bbtmf-4ag171p4l JUnitStarter[93572] DEBUG [io.qua.boo.cla.QuarkusClassLoader] (main) Adding elements io.quarkus.bootstrap.classloading.PathTreeClassPathElement[org.locationtech.jts:jts-core / runtime=true resources=621] to QuarkusClassLoader Augmentation Class Loader: TEST for PaymentControllerTest (QuarkusTest)
2024-07-08 14:43:22,032 bbtmf-4ag171p4l JUnitStarter[93572] DEBUG [io.qua.boo.cla.QuarkusClassLoader] (main) Adding elements io.quarkus.bootstrap.classloading.PathTreeClassPathElement[io.quarkus:quarkus-resteasy-jsonb / runtime=true resources=22] to QuarkusClassLoader Augmentation Class Loader: TEST for PaymentControllerTest (QuarkusTest)
2024-07-08 14:43:22,032 bbtmf-4ag171p4l JUnitStarter[93572] DEBUG [io.qua.boo.cla.QuarkusClassLoader] (main) Adding elements io.quarkus.bootstrap.classloading.PathTreeClassPathElement[io.quarkus:quarkus-jsonb / runtime=true resources=19] to QuarkusClassLoader Augmentation Class Loader: TEST for PaymentControllerTest (QuarkusTest)
2024-07-08 14:43:22,032 bbtmf-4ag171p4l JUnitStarter[93572] DEBUG [io.qua.boo.cla.QuarkusClassLoader] (main) Adding elements io.quarkus.bootstrap.classloading.PathTreeClassPathElement[org.eclipse:yasson / runtime=true resources=297] to QuarkusClassLoader Augmentation Class Loader: TEST for PaymentControllerTest (QuarkusTest)
2024-07-08 14:43:22,032 bbtmf-4ag171p4l JUnitStarter[93572] DEBUG [io.qua.boo.cla.QuarkusClassLoader] (main) Adding elements io.quarkus.bootstrap.classloading.PathTreeClassPathElement[io.quarkus:quarkus-jsonp / runtime=true resources=11] to QuarkusClassLoader Augmentation Class Loader: TEST for PaymentControllerTest (QuarkusTest)
2024-07-08 14:43:22,033 bbtmf-4ag171p4l JUnitStarter[93572] DEBUG [io.qua.boo.cla.QuarkusClassLoader] (main) Adding elements io.quarkus.bootstrap.classloading.PathTreeClassPathElement[org.jboss.resteasy:resteasy-json-binding-provider / runtime=true resources=33] to QuarkusClassLoader Augmentation Class Loader: TEST for PaymentControllerTest (QuarkusTest)
2024-07-08 14:43:22,033 bbtmf-4ag171p4l JUnitStarter[93572] DEBUG [io.qua.boo.cla.QuarkusClassLoader] (main) Adding parent first element io.quarkus.bootstrap.classloading.PathTreeClassPathElement[org.eclipse.parsson:parsson / runtime=true resources=84] to QuarkusClassLoader Augmentation Class Loader: TEST for PaymentControllerTest (QuarkusTest)
2024-07-08 14:43:22,033 bbtmf-4ag171p4l JUnitStarter[93572] DEBUG [io.qua.boo.cla.QuarkusClassLoader] (main) Adding elements io.quarkus.bootstrap.classloading.PathTreeClassPathElement[org.eclipse.parsson:parsson / runtime=true resources=84] to QuarkusClassLoader Augmentation Class Loader: TEST for PaymentControllerTest (QuarkusTest)
2024-07-08 14:43:22,033 bbtmf-4ag171p4l JUnitStarter[93572] DEBUG [io.qua.boo.cla.QuarkusClassLoader] (main) Adding elements io.quarkus.bootstrap.classloading.PathTreeClassPathElement[jakarta.json.bind:jakarta.json.bind-api / runtime=true resources=46] to QuarkusClassLoader Augmentation Class Loader: TEST for PaymentControllerTest (QuarkusTest)
2024-07-08 14:43:22,033 bbtmf-4ag171p4l JUnitStarter[93572] DEBUG [io.qua.boo.cla.QuarkusClassLoader] (main) Adding elements io.quarkus.bootstrap.classloading.PathTreeClassPathElement[org.jboss.resteasy:resteasy-json-p-provider / runtime=true resources=22] to QuarkusClassLoader Augmentation Class Loader: TEST for PaymentControllerTest (QuarkusTest)
2024-07-08 14:43:22,033 bbtmf-4ag171p4l JUnitStarter[93572] DEBUG [io.qua.boo.cla.QuarkusClassLoader] (main) Adding parent first element io.quarkus.bootstrap.classloading.PathTreeClassPathElement[jakarta.json:jakarta.json-api / runtime=true resources=50] to QuarkusClassLoader Augmentation Class Loader: TEST for PaymentControllerTest (QuarkusTest)
2024-07-08 14:43:22,033 bbtmf-4ag171p4l JUnitStarter[93572] DEBUG [io.qua.boo.cla.QuarkusClassLoader] (main) Adding elements io.quarkus.bootstrap.classloading.PathTreeClassPathElement[jakarta.json:jakarta.json-api / runtime=true resources=50] to QuarkusClassLoader Augmentation Class Loader: TEST for PaymentControllerTest (QuarkusTest)
2024-07-08 14:43:22,034 bbtmf-4ag171p4l JUnitStarter[93572] DEBUG [io.qua.boo.cla.QuarkusClassLoader] (main) Adding elements io.quarkus.bootstrap.classloading.PathTreeClassPathElement[commons-io:commons-io / runtime=true resources=377] to QuarkusClassLoader Augmentation Class Loader: TEST for PaymentControllerTest (QuarkusTest)
2024-07-08 14:43:22,034 bbtmf-4ag171p4l JUnitStarter[93572] DEBUG [io.qua.boo.cla.QuarkusClassLoader] (main) Adding elements io.quarkus.bootstrap.classloading.PathTreeClassPathElement[io.quarkus:quarkus-jdbc-postgresql / runtime=true resources=30] to QuarkusClassLoader Augmentation Class Loader: TEST for PaymentControllerTest (QuarkusTest)
2024-07-08 14:43:22,034 bbtmf-4ag171p4l JUnitStarter[93572] DEBUG [io.qua.boo.cla.QuarkusClassLoader] (main) Adding parent first element io.quarkus.bootstrap.classloading.PathTreeClassPathElement[org.postgresql:postgresql / runtime=true resources=551] to QuarkusClassLoader Augmentation Class Loader: TEST for PaymentControllerTest (QuarkusTest)
2024-07-08 14:43:22,034 bbtmf-4ag171p4l JUnitStarter[93572] DEBUG [io.qua.boo.cla.QuarkusClassLoader] (main) Adding elements io.quarkus.bootstrap.classloading.PathTreeClassPathElement[org.postgresql:postgresql / runtime=true resources=551] to QuarkusClassLoader Augmentation Class Loader: TEST for PaymentControllerTest (QuarkusTest)
2024-07-08 14:43:22,034 bbtmf-4ag171p4l JUnitStarter[93572] DEBUG [io.qua.boo.cla.QuarkusClassLoader] (main) Adding elements io.quarkus.bootstrap.classloading.PathTreeClassPathElement[io.quarkus:quarkus-smallrye-openapi / runtime=true resources=45] to QuarkusClassLoader Augmentation Class Loader: TEST for PaymentControllerTest (QuarkusTest)
2024-07-08 14:43:22,034 bbtmf-4ag171p4l JUnitStarter[93572] DEBUG [io.qua.boo.cla.QuarkusClassLoader] (main) Adding elements io.quarkus.bootstrap.classloading.PathTreeClassPathElement[io.smallrye:smallrye-open-api-core / runtime=true resources=321] to QuarkusClassLoader Augmentation Class Loader: TEST for PaymentControllerTest (QuarkusTest)
2024-07-08 14:43:22,034 bbtmf-4ag171p4l JUnitStarter[93572] DEBUG [io.qua.boo.cla.QuarkusClassLoader] (main) Adding elements io.quarkus.bootstrap.classloading.PathTreeClassPathElement[org.eclipse.microprofile.openapi:microprofile-openapi-api / runtime=true resources=163] to QuarkusClassLoader Augmentation Class Loader: TEST for PaymentControllerTest (QuarkusTest)
2024-07-08 14:43:22,034 bbtmf-4ag171p4l JUnitStarter[93572] DEBUG [io.qua.boo.cla.QuarkusClassLoader] (main) Adding elements io.quarkus.bootstrap.classloading.PathTreeClassPathElement[org.eclipse.microprofile.config:microprofile-config-api / runtime=true resources=29] to QuarkusClassLoader Augmentation Class Loader: TEST for PaymentControllerTest (QuarkusTest)
2024-07-08 14:43:22,034 bbtmf-4ag171p4l JUnitStarter[93572] DEBUG [io.qua.boo.cla.QuarkusClassLoader] (main) Adding elements io.quarkus.bootstrap.classloading.PathTreeClassPathElement[com.fasterxml.jackson.core:jackson-core / runtime=true resources=273] to QuarkusClassLoader Augmentation Class Loader: TEST for PaymentControllerTest (QuarkusTest)
2024-07-08 14:43:22,035 bbtmf-4ag171p4l JUnitStarter[93572] DEBUG [io.qua.boo.cla.QuarkusClassLoader] (main) Adding elements io.quarkus.bootstrap.classloading.PathTreeClassPathElement[com.fasterxml.jackson.core:jackson-databind / runtime=true resources=825] to QuarkusClassLoader Augmentation Class Loader: TEST for PaymentControllerTest (QuarkusTest)
2024-07-08 14:43:22,035 bbtmf-4ag171p4l JUnitStarter[93572] DEBUG [io.qua.boo.cla.QuarkusClassLoader] (main) Adding elements io.quarkus.bootstrap.classloading.PathTreeClassPathElement[com.fasterxml.jackson.core:jackson-annotations / runtime=true resources=87] to QuarkusClassLoader Augmentation Class Loader: TEST for PaymentControllerTest (QuarkusTest)
2024-07-08 14:43:22,035 bbtmf-4ag171p4l JUnitStarter[93572] DEBUG [io.qua.boo.cla.QuarkusClassLoader] (main) Adding elements io.quarkus.bootstrap.classloading.PathTreeClassPathElement[com.fasterxml.jackson.dataformat:jackson-dataformat-yaml / runtime=true resources=44] to QuarkusClassLoader Augmentation Class Loader: TEST for PaymentControllerTest (QuarkusTest)
2024-07-08 14:43:22,035 bbtmf-4ag171p4l JUnitStarter[93572] DEBUG [io.qua.boo.cla.QuarkusClassLoader] (main) Adding elements io.quarkus.bootstrap.classloading.PathTreeClassPathElement[org.yaml:snakeyaml / runtime=true resources=279] to QuarkusClassLoader Augmentation Class Loader: TEST for PaymentControllerTest (QuarkusTest)
2024-07-08 14:43:22,035 bbtmf-4ag171p4l JUnitStarter[93572] DEBUG [io.qua.boo.cla.QuarkusClassLoader] (main) Adding elements io.quarkus.bootstrap.classloading.PathTreeClassPathElement[io.smallrye:jandex / runtime=true resources=177] to QuarkusClassLoader Augmentation Class Loader: TEST for PaymentControllerTest (QuarkusTest)
2024-07-08 14:43:22,035 bbtmf-4ag171p4l JUnitStarter[93572] DEBUG [io.qua.boo.cla.QuarkusClassLoader] (main) Adding elements io.quarkus.bootstrap.classloading.PathTreeClassPathElement[io.quarkus:quarkus-swagger-ui / runtime=true resources=20] to QuarkusClassLoader Augmentation Class Loader: TEST for PaymentControllerTest (QuarkusTest)
2024-07-08 14:43:22,035 bbtmf-4ag171p4l JUnitStarter[93572] DEBUG [io.qua.boo.cla.QuarkusClassLoader] (main) Adding elements io.quarkus.bootstrap.classloading.PathTreeClassPathElement[io.quarkus:quarkus-junit5 / runtime=true resources=129] to QuarkusClassLoader Augmentation Class Loader: TEST for PaymentControllerTest (QuarkusTest)
2024-07-08 14:43:22,035 bbtmf-4ag171p4l JUnitStarter[93572] DEBUG [io.qua.boo.cla.QuarkusClassLoader] (main) Adding parent first element io.quarkus.bootstrap.classloading.PathTreeClassPathElement[io.quarkus:quarkus-bootstrap-core / runtime=true resources=79] to QuarkusClassLoader Augmentation Class Loader: TEST for PaymentControllerTest (QuarkusTest)
2024-07-08 14:43:22,035 bbtmf-4ag171p4l JUnitStarter[93572] DEBUG [io.qua.boo.cla.QuarkusClassLoader] (main) Adding elements io.quarkus.bootstrap.classloading.PathTreeClassPathElement[io.quarkus:quarkus-bootstrap-core / runtime=true resources=79] to QuarkusClassLoader Augmentation Class Loader: TEST for PaymentControllerTest (QuarkusTest)
2024-07-08 14:43:22,035 bbtmf-4ag171p4l JUnitStarter[93572] DEBUG [io.qua.boo.cla.QuarkusClassLoader] (main) Adding parent first element io.quarkus.bootstrap.classloading.PathTreeClassPathElement[io.quarkus:quarkus-bootstrap-app-model / runtime=true resources=119] to QuarkusClassLoader Augmentation Class Loader: TEST for PaymentControllerTest (QuarkusTest)
2024-07-08 14:43:22,036 bbtmf-4ag171p4l JUnitStarter[93572] DEBUG [io.qua.boo.cla.QuarkusClassLoader] (main) Adding elements io.quarkus.bootstrap.classloading.PathTreeClassPathElement[io.quarkus:quarkus-bootstrap-app-model / runtime=true resources=119] to QuarkusClassLoader Augmentation Class Loader: TEST for PaymentControllerTest (QuarkusTest)
2024-07-08 14:43:22,036 bbtmf-4ag171p4l JUnitStarter[93572] DEBUG [io.qua.boo.cla.QuarkusClassLoader] (main) Adding parent first element io.quarkus.bootstrap.classloading.PathTreeClassPathElement[io.smallrye.common:smallrye-common-io / runtime=true resources=16] to QuarkusClassLoader Augmentation Class Loader: TEST for PaymentControllerTest (QuarkusTest)
2024-07-08 14:43:22,036 bbtmf-4ag171p4l JUnitStarter[93572] DEBUG [io.qua.boo.cla.QuarkusClassLoader] (main) Adding elements io.quarkus.bootstrap.classloading.PathTreeClassPathElement[io.smallrye.common:smallrye-common-io / runtime=true resources=16] to QuarkusClassLoader Augmentation Class Loader: TEST for PaymentControllerTest (QuarkusTest)
2024-07-08 14:43:22,037 bbtmf-4ag171p4l JUnitStarter[93572] DEBUG [io.qua.boo.cla.QuarkusClassLoader] (main) Adding elements io.quarkus.bootstrap.classloading.PathTreeClassPathElement[org.eclipse.sisu:org.eclipse.sisu.inject / runtime=true resources=318] to QuarkusClassLoader Augmentation Class Loader: TEST for PaymentControllerTest (QuarkusTest)
2024-07-08 14:43:22,037 bbtmf-4ag171p4l JUnitStarter[93572] DEBUG [io.qua.boo.cla.QuarkusClassLoader] (main) Adding elements io.quarkus.bootstrap.classloading.PathTreeClassPathElement[io.quarkus:quarkus-test-common / runtime=true resources=100] to QuarkusClassLoader Augmentation Class Loader: TEST for PaymentControllerTest (QuarkusTest)
2024-07-08 14:43:22,037 bbtmf-4ag171p4l JUnitStarter[93572] DEBUG [io.qua.boo.cla.QuarkusClassLoader] (main) Adding elements io.quarkus.bootstrap.classloading.PathTreeClassPathElement[io.quarkus:quarkus-core-deployment / runtime=true resources=888] to QuarkusClassLoader Augmentation Class Loader: TEST for PaymentControllerTest (QuarkusTest)
2024-07-08 14:43:22,037 bbtmf-4ag171p4l JUnitStarter[93572] DEBUG [io.qua.boo.cla.QuarkusClassLoader] (main) Adding elements io.quarkus.bootstrap.classloading.PathTreeClassPathElement[org.aesh:readline / runtime=true resources=233] to QuarkusClassLoader Augmentation Class Loader: TEST for PaymentControllerTest (QuarkusTest)
2024-07-08 14:43:22,037 bbtmf-4ag171p4l JUnitStarter[93572] DEBUG [io.qua.boo.cla.QuarkusClassLoader] (main) Adding elements io.quarkus.bootstrap.classloading.PathTreeClassPathElement[org.fusesource.jansi:jansi / runtime=true resources=98] to QuarkusClassLoader Augmentation Class Loader: TEST for PaymentControllerTest (QuarkusTest)
2024-07-08 14:43:22,037 bbtmf-4ag171p4l JUnitStarter[93572] DEBUG [io.qua.boo.cla.QuarkusClassLoader] (main) Adding elements io.quarkus.bootstrap.classloading.PathTreeClassPathElement[org.aesh:aesh / runtime=true resources=318] to QuarkusClassLoader Augmentation Class Loader: TEST for PaymentControllerTest (QuarkusTest)
2024-07-08 14:43:22,037 bbtmf-4ag171p4l JUnitStarter[93572] DEBUG [io.qua.boo.cla.QuarkusClassLoader] (main) Adding elements io.quarkus.bootstrap.classloading.PathTreeClassPathElement[io.quarkus.gizmo:gizmo / runtime=true resources=135] to QuarkusClassLoader Augmentation Class Loader: TEST for PaymentControllerTest (QuarkusTest)
2024-07-08 14:43:22,037 bbtmf-4ag171p4l JUnitStarter[93572] DEBUG [io.qua.boo.cla.QuarkusClassLoader] (main) Adding elements io.quarkus.bootstrap.classloading.PathTreeClassPathElement[org.ow2.asm:asm-util / runtime=true resources=33] to QuarkusClassLoader Augmentation Class Loader: TEST for PaymentControllerTest (QuarkusTest)
2024-07-08 14:43:22,038 bbtmf-4ag171p4l JUnitStarter[93572] DEBUG [io.qua.boo.cla.QuarkusClassLoader] (main) Adding elements io.quarkus.bootstrap.classloading.PathTreeClassPathElement[org.ow2.asm:asm-analysis / runtime=true resources=22] to QuarkusClassLoader Augmentation Class Loader: TEST for PaymentControllerTest (QuarkusTest)
2024-07-08 14:43:22,038 bbtmf-4ag171p4l JUnitStarter[93572] DEBUG [io.qua.boo.cla.QuarkusClassLoader] (main) Adding elements io.quarkus.bootstrap.classloading.PathTreeClassPathElement[org.ow2.asm:asm / runtime=true resources=45] to QuarkusClassLoader Augmentation Class Loader: TEST for PaymentControllerTest (QuarkusTest)
2024-07-08 14:43:22,038 bbtmf-4ag171p4l JUnitStarter[93572] DEBUG [io.qua.boo.cla.QuarkusClassLoader] (main) Adding elements io.quarkus.bootstrap.classloading.PathTreeClassPathElement[org.ow2.asm:asm-commons / runtime=true resources=34] to QuarkusClassLoader Augmentation Class Loader: TEST for PaymentControllerTest (QuarkusTest)
2024-07-08 14:43:22,038 bbtmf-4ag171p4l JUnitStarter[93572] DEBUG [io.qua.boo.cla.QuarkusClassLoader] (main) Adding elements io.quarkus.bootstrap.classloading.PathTreeClassPathElement[org.ow2.asm:asm-tree / runtime=true resources=45] to QuarkusClassLoader Augmentation Class Loader: TEST for PaymentControllerTest (QuarkusTest)
2024-07-08 14:43:22,038 bbtmf-4ag171p4l JUnitStarter[93572] DEBUG [io.qua.boo.cla.QuarkusClassLoader] (main) Adding parent first element io.quarkus.bootstrap.classloading.PathTreeClassPathElement[io.quarkus:quarkus-class-change-agent / runtime=true resources=13] to QuarkusClassLoader Augmentation Class Loader: TEST for PaymentControllerTest (QuarkusTest)
2024-07-08 14:43:22,038 bbtmf-4ag171p4l JUnitStarter[93572] DEBUG [io.qua.boo.cla.QuarkusClassLoader] (main) Adding elements io.quarkus.bootstrap.classloading.PathTreeClassPathElement[io.quarkus:quarkus-class-change-agent / runtime=true resources=13] to QuarkusClassLoader Augmentation Class Loader: TEST for PaymentControllerTest (QuarkusTest)
2024-07-08 14:43:22,038 bbtmf-4ag171p4l JUnitStarter[93572] DEBUG [io.qua.boo.cla.QuarkusClassLoader] (main) Adding elements io.quarkus.bootstrap.classloading.PathTreeClassPathElement[io.quarkus:quarkus-devtools-utilities / runtime=true resources=14] to QuarkusClassLoader Augmentation Class Loader: TEST for PaymentControllerTest (QuarkusTest)
2024-07-08 14:43:22,038 bbtmf-4ag171p4l JUnitStarter[93572] DEBUG [io.qua.boo.cla.QuarkusClassLoader] (main) Adding elements io.quarkus.bootstrap.classloading.PathTreeClassPathElement[io.quarkus:quarkus-builder / runtime=true resources=54] to QuarkusClassLoader Augmentation Class Loader: TEST for PaymentControllerTest (QuarkusTest)
2024-07-08 14:43:22,038 bbtmf-4ag171p4l JUnitStarter[93572] DEBUG [io.qua.boo.cla.QuarkusClassLoader] (main) Adding parent first element io.quarkus.bootstrap.classloading.PathTreeClassPathElement[org.graalvm.sdk:nativeimage / runtime=true resources=208] to QuarkusClassLoader Augmentation Class Loader: TEST for PaymentControllerTest (QuarkusTest)
2024-07-08 14:43:22,038 bbtmf-4ag171p4l JUnitStarter[93572] DEBUG [io.qua.boo.cla.QuarkusClassLoader] (main) Adding elements io.quarkus.bootstrap.classloading.PathTreeClassPathElement[org.graalvm.sdk:nativeimage / runtime=true resources=208] to QuarkusClassLoader Augmentation Class Loader: TEST for PaymentControllerTest (QuarkusTest)
2024-07-08 14:43:22,038 bbtmf-4ag171p4l JUnitStarter[93572] DEBUG [io.qua.boo.cla.QuarkusClassLoader] (main) Adding parent first element io.quarkus.bootstrap.classloading.PathTreeClassPathElement[org.graalvm.sdk:word / runtime=true resources=22] to QuarkusClassLoader Augmentation Class Loader: TEST for PaymentControllerTest (QuarkusTest)
2024-07-08 14:43:22,039 bbtmf-4ag171p4l JUnitStarter[93572] DEBUG [io.qua.boo.cla.QuarkusClassLoader] (main) Adding elements io.quarkus.bootstrap.classloading.PathTreeClassPathElement[org.graalvm.sdk:word / runtime=true resources=22] to QuarkusClassLoader Augmentation Class Loader: TEST for PaymentControllerTest (QuarkusTest)
2024-07-08 14:43:22,039 bbtmf-4ag171p4l JUnitStarter[93572] DEBUG [io.qua.boo.cla.QuarkusClassLoader] (main) Adding parent first element io.quarkus.bootstrap.classloading.PathTreeClassPathElement[org.junit.platform:junit-platform-launcher / runtime=true resources=131] to QuarkusClassLoader Augmentation Class Loader: TEST for PaymentControllerTest (QuarkusTest)
2024-07-08 14:43:22,039 bbtmf-4ag171p4l JUnitStarter[93572] DEBUG [io.qua.boo.cla.QuarkusClassLoader] (main) Adding elements io.quarkus.bootstrap.classloading.PathTreeClassPathElement[org.junit.platform:junit-platform-launcher / runtime=true resources=131] to QuarkusClassLoader Augmentation Class Loader: TEST for PaymentControllerTest (QuarkusTest)
2024-07-08 14:43:22,039 bbtmf-4ag171p4l JUnitStarter[93572] DEBUG [io.qua.boo.cla.QuarkusClassLoader] (main) Adding parent first element io.quarkus.bootstrap.classloading.PathTreeClassPathElement[io.quarkus:quarkus-bootstrap-maven-resolver / runtime=true resources=59] to QuarkusClassLoader Augmentation Class Loader: TEST for PaymentControllerTest (QuarkusTest)
2024-07-08 14:43:22,039 bbtmf-4ag171p4l JUnitStarter[93572] DEBUG [io.qua.boo.cla.QuarkusClassLoader] (main) Adding elements io.quarkus.bootstrap.classloading.PathTreeClassPathElement[io.quarkus:quarkus-bootstrap-maven-resolver / runtime=true resources=59] to QuarkusClassLoader Augmentation Class Loader: TEST for PaymentControllerTest (QuarkusTest)
2024-07-08 14:43:22,039 bbtmf-4ag171p4l JUnitStarter[93572] DEBUG [io.qua.boo.cla.QuarkusClassLoader] (main) Adding elements io.quarkus.bootstrap.classloading.PathTreeClassPathElement[io.smallrye.beanbag:smallrye-beanbag-maven / runtime=true resources=15] to QuarkusClassLoader Augmentation Class Loader: TEST for PaymentControllerTest (QuarkusTest)
2024-07-08 14:43:22,039 bbtmf-4ag171p4l JUnitStarter[93572] DEBUG [io.qua.boo.cla.QuarkusClassLoader] (main) Adding elements io.quarkus.bootstrap.classloading.PathTreeClassPathElement[io.smallrye.beanbag:smallrye-beanbag-sisu / runtime=true resources=24] to QuarkusClassLoader Augmentation Class Loader: TEST for PaymentControllerTest (QuarkusTest)
2024-07-08 14:43:22,039 bbtmf-4ag171p4l JUnitStarter[93572] DEBUG [io.qua.boo.cla.QuarkusClassLoader] (main) Adding elements io.quarkus.bootstrap.classloading.PathTreeClassPathElement[io.smallrye.beanbag:smallrye-beanbag / runtime=true resources=39] to QuarkusClassLoader Augmentation Class Loader: TEST for PaymentControllerTest (QuarkusTest)
2024-07-08 14:43:22,040 bbtmf-4ag171p4l JUnitStarter[93572] DEBUG [io.qua.boo.cla.QuarkusClassLoader] (main) Adding elements io.quarkus.bootstrap.classloading.PathTreeClassPathElement[javax.inject:javax.inject / runtime=true resources=8] to QuarkusClassLoader Augmentation Class Loader: TEST for PaymentControllerTest (QuarkusTest)
2024-07-08 14:43:22,040 bbtmf-4ag171p4l JUnitStarter[93572] DEBUG [io.qua.boo.cla.QuarkusClassLoader] (main) Adding elements io.quarkus.bootstrap.classloading.PathTreeClassPathElement[org.apache.maven:maven-artifact / runtime=true resources=59] to QuarkusClassLoader Augmentation Class Loader: TEST for PaymentControllerTest (QuarkusTest)
2024-07-08 14:43:22,040 bbtmf-4ag171p4l JUnitStarter[93572] DEBUG [io.qua.boo.cla.QuarkusClassLoader] (main) Adding elements io.quarkus.bootstrap.classloading.PathTreeClassPathElement[org.apache.maven:maven-builder-support / runtime=true resources=24] to QuarkusClassLoader Augmentation Class Loader: TEST for PaymentControllerTest (QuarkusTest)
2024-07-08 14:43:22,040 bbtmf-4ag171p4l JUnitStarter[93572] DEBUG [io.qua.boo.cla.QuarkusClassLoader] (main) Adding parent first element io.quarkus.bootstrap.classloading.PathTreeClassPathElement[org.apache.maven:maven-model / runtime=true resources=97] to QuarkusClassLoader Augmentation Class Loader: TEST for PaymentControllerTest (QuarkusTest)
2024-07-08 14:43:22,040 bbtmf-4ag171p4l JUnitStarter[93572] DEBUG [io.qua.boo.cla.QuarkusClassLoader] (main) Adding elements io.quarkus.bootstrap.classloading.PathTreeClassPathElement[org.apache.maven:maven-model / runtime=true resources=97] to QuarkusClassLoader Augmentation Class Loader: TEST for PaymentControllerTest (QuarkusTest)
2024-07-08 14:43:22,040 bbtmf-4ag171p4l JUnitStarter[93572] DEBUG [io.qua.boo.cla.QuarkusClassLoader] (main) Adding elements io.quarkus.bootstrap.classloading.PathTreeClassPathElement[org.apache.maven:maven-model-builder / runtime=true resources=159] to QuarkusClassLoader Augmentation Class Loader: TEST for PaymentControllerTest (QuarkusTest)
2024-07-08 14:43:22,040 bbtmf-4ag171p4l JUnitStarter[93572] DEBUG [io.qua.boo.cla.QuarkusClassLoader] (main) Adding elements io.quarkus.bootstrap.classloading.PathTreeClassPathElement[org.apache.maven:maven-repository-metadata / runtime=true resources=27] to QuarkusClassLoader Augmentation Class Loader: TEST for PaymentControllerTest (QuarkusTest)
2024-07-08 14:43:22,040 bbtmf-4ag171p4l JUnitStarter[93572] DEBUG [io.qua.boo.cla.QuarkusClassLoader] (main) Adding elements io.quarkus.bootstrap.classloading.PathTreeClassPathElement[org.apache.maven:maven-settings / runtime=true resources=35] to QuarkusClassLoader Augmentation Class Loader: TEST for PaymentControllerTest (QuarkusTest)
2024-07-08 14:43:22,040 bbtmf-4ag171p4l JUnitStarter[93572] DEBUG [io.qua.boo.cla.QuarkusClassLoader] (main) Adding parent first element io.quarkus.bootstrap.classloading.PathTreeClassPathElement[org.apache.maven.resolver:maven-resolver-api / runtime=true resources=169] to QuarkusClassLoader Augmentation Class Loader: TEST for PaymentControllerTest (QuarkusTest)
2024-07-08 14:43:22,040 bbtmf-4ag171p4l JUnitStarter[93572] DEBUG [io.qua.boo.cla.QuarkusClassLoader] (main) Adding elements io.quarkus.bootstrap.classloading.PathTreeClassPathElement[org.apache.maven.resolver:maven-resolver-api / runtime=true resources=169] to QuarkusClassLoader Augmentation Class Loader: TEST for PaymentControllerTest (QuarkusTest)
2024-07-08 14:43:22,040 bbtmf-4ag171p4l JUnitStarter[93572] DEBUG [io.qua.boo.cla.QuarkusClassLoader] (main) Adding parent first element io.quarkus.bootstrap.classloading.PathTreeClassPathElement[org.apache.maven.resolver:maven-resolver-impl / runtime=true resources=208] to QuarkusClassLoader Augmentation Class Loader: TEST for PaymentControllerTest (QuarkusTest)
2024-07-08 14:43:22,040 bbtmf-4ag171p4l JUnitStarter[93572] DEBUG [io.qua.boo.cla.QuarkusClassLoader] (main) Adding elements io.quarkus.bootstrap.classloading.PathTreeClassPathElement[org.apache.maven.resolver:maven-resolver-impl / runtime=true resources=208] to QuarkusClassLoader Augmentation Class Loader: TEST for PaymentControllerTest (QuarkusTest)
2024-07-08 14:43:22,041 bbtmf-4ag171p4l JUnitStarter[93572] DEBUG [io.qua.boo.cla.QuarkusClassLoader] (main) Adding elements io.quarkus.bootstrap.classloading.PathTreeClassPathElement[org.apache.maven.resolver:maven-resolver-named-locks / runtime=true resources=40] to QuarkusClassLoader Augmentation Class Loader: TEST for PaymentControllerTest (QuarkusTest)
2024-07-08 14:43:22,041 bbtmf-4ag171p4l JUnitStarter[93572] DEBUG [io.qua.boo.cla.QuarkusClassLoader] (main) Adding elements io.quarkus.bootstrap.classloading.PathTreeClassPathElement[org.apache.maven.resolver:maven-resolver-spi / runtime=true resources=84] to QuarkusClassLoader Augmentation Class Loader: TEST for PaymentControllerTest (QuarkusTest)
2024-07-08 14:43:22,041 bbtmf-4ag171p4l JUnitStarter[93572] DEBUG [io.qua.boo.cla.QuarkusClassLoader] (main) Adding elements io.quarkus.bootstrap.classloading.PathTreeClassPathElement[org.apache.maven.resolver:maven-resolver-util / runtime=true resources=156] to QuarkusClassLoader Augmentation Class Loader: TEST for PaymentControllerTest (QuarkusTest)
2024-07-08 14:43:22,041 bbtmf-4ag171p4l JUnitStarter[93572] DEBUG [io.qua.boo.cla.QuarkusClassLoader] (main) Adding elements io.quarkus.bootstrap.classloading.PathTreeClassPathElement[org.apache.maven.resolver:maven-resolver-transport-http / runtime=true resources=41] to QuarkusClassLoader Augmentation Class Loader: TEST for PaymentControllerTest (QuarkusTest)
2024-07-08 14:43:22,041 bbtmf-4ag171p4l JUnitStarter[93572] DEBUG [io.qua.boo.cla.QuarkusClassLoader] (main) Adding elements io.quarkus.bootstrap.classloading.PathTreeClassPathElement[org.apache.maven.wagon:wagon-provider-api / runtime=true resources=60] to QuarkusClassLoader Augmentation Class Loader: TEST for PaymentControllerTest (QuarkusTest)
2024-07-08 14:43:22,041 bbtmf-4ag171p4l JUnitStarter[93572] DEBUG [io.qua.boo.cla.QuarkusClassLoader] (main) Adding elements io.quarkus.bootstrap.classloading.PathTreeClassPathElement[org.apache.maven.wagon:wagon-http-shared / runtime=true resources=28] to QuarkusClassLoader Augmentation Class Loader: TEST for PaymentControllerTest (QuarkusTest)
2024-07-08 14:43:22,041 bbtmf-4ag171p4l JUnitStarter[93572] DEBUG [io.qua.boo.cla.QuarkusClassLoader] (main) Adding elements io.quarkus.bootstrap.classloading.PathTreeClassPathElement[org.codehaus.plexus:plexus-interpolation / runtime=true resources=79] to QuarkusClassLoader Augmentation Class Loader: TEST for PaymentControllerTest (QuarkusTest)
2024-07-08 14:43:22,041 bbtmf-4ag171p4l JUnitStarter[93572] DEBUG [io.qua.boo.cla.QuarkusClassLoader] (main) Adding parent first element io.quarkus.bootstrap.classloading.PathTreeClassPathElement[org.codehaus.plexus:plexus-utils / runtime=true resources=152] to QuarkusClassLoader Augmentation Class Loader: TEST for PaymentControllerTest (QuarkusTest)
2024-07-08 14:43:22,041 bbtmf-4ag171p4l JUnitStarter[93572] DEBUG [io.qua.boo.cla.QuarkusClassLoader] (main) Adding elements io.quarkus.bootstrap.classloading.PathTreeClassPathElement[org.codehaus.plexus:plexus-utils / runtime=true resources=152] to QuarkusClassLoader Augmentation Class Loader: TEST for PaymentControllerTest (QuarkusTest)
2024-07-08 14:43:22,041 bbtmf-4ag171p4l JUnitStarter[93572] DEBUG [io.qua.boo.cla.QuarkusClassLoader] (main) Adding elements io.quarkus.bootstrap.classloading.PathTreeClassPathElement[org.codehaus.plexus:plexus-xml / runtime=true resources=43] to QuarkusClassLoader Augmentation Class Loader: TEST for PaymentControllerTest (QuarkusTest)
2024-07-08 14:43:22,041 bbtmf-4ag171p4l JUnitStarter[93572] DEBUG [io.qua.boo.cla.QuarkusClassLoader] (main) Adding elements io.quarkus.bootstrap.classloading.PathTreeClassPathElement[org.apache.maven:maven-xml-impl / runtime=true resources=30] to QuarkusClassLoader Augmentation Class Loader: TEST for PaymentControllerTest (QuarkusTest)
2024-07-08 14:43:22,041 bbtmf-4ag171p4l JUnitStarter[93572] DEBUG [io.qua.boo.cla.QuarkusClassLoader] (main) Adding elements io.quarkus.bootstrap.classloading.PathTreeClassPathElement[org.apache.maven:maven-api-xml / runtime=true resources=16] to QuarkusClassLoader Augmentation Class Loader: TEST for PaymentControllerTest (QuarkusTest)
2024-07-08 14:43:22,042 bbtmf-4ag171p4l JUnitStarter[93572] DEBUG [io.qua.boo.cla.QuarkusClassLoader] (main) Adding elements io.quarkus.bootstrap.classloading.PathTreeClassPathElement[org.apache.maven:maven-api-meta / runtime=true resources=25] to QuarkusClassLoader Augmentation Class Loader: TEST for PaymentControllerTest (QuarkusTest)
2024-07-08 14:43:22,042 bbtmf-4ag171p4l JUnitStarter[93572] DEBUG [io.qua.boo.cla.QuarkusClassLoader] (main) Adding elements io.quarkus.bootstrap.classloading.PathTreeClassPathElement[org.codehaus.plexus:plexus-cipher / runtime=true resources=19] to QuarkusClassLoader Augmentation Class Loader: TEST for PaymentControllerTest (QuarkusTest)
2024-07-08 14:43:22,042 bbtmf-4ag171p4l JUnitStarter[93572] DEBUG [io.qua.boo.cla.QuarkusClassLoader] (main) Adding elements io.quarkus.bootstrap.classloading.PathTreeClassPathElement[org.codehaus.plexus:plexus-sec-dispatcher / runtime=true resources=30] to QuarkusClassLoader Augmentation Class Loader: TEST for PaymentControllerTest (QuarkusTest)
2024-07-08 14:43:22,042 bbtmf-4ag171p4l JUnitStarter[93572] DEBUG [io.qua.boo.cla.QuarkusClassLoader] (main) Adding elements io.quarkus.bootstrap.classloading.PathTreeClassPathElement[org.apache.maven:maven-embedder / runtime=true resources=81] to QuarkusClassLoader Augmentation Class Loader: TEST for PaymentControllerTest (QuarkusTest)
2024-07-08 14:43:22,042 bbtmf-4ag171p4l JUnitStarter[93572] DEBUG [io.qua.boo.cla.QuarkusClassLoader] (main) Adding elements io.quarkus.bootstrap.classloading.PathTreeClassPathElement[org.apache.maven:maven-core / runtime=true resources=521] to QuarkusClassLoader Augmentation Class Loader: TEST for PaymentControllerTest (QuarkusTest)
2024-07-08 14:43:22,042 bbtmf-4ag171p4l JUnitStarter[93572] DEBUG [io.qua.boo.cla.QuarkusClassLoader] (main) Adding elements io.quarkus.bootstrap.classloading.PathTreeClassPathElement[org.codehaus.plexus:plexus-component-annotations / runtime=true resources=15] to QuarkusClassLoader Augmentation Class Loader: TEST for PaymentControllerTest (QuarkusTest)
2024-07-08 14:43:22,042 bbtmf-4ag171p4l JUnitStarter[93572] DEBUG [io.qua.boo.cla.QuarkusClassLoader] (main) Adding elements io.quarkus.bootstrap.classloading.PathTreeClassPathElement[org.apache.maven:maven-plugin-api / runtime=true resources=48] to QuarkusClassLoader Augmentation Class Loader: TEST for PaymentControllerTest (QuarkusTest)
2024-07-08 14:43:22,042 bbtmf-4ag171p4l JUnitStarter[93572] DEBUG [io.qua.boo.cla.QuarkusClassLoader] (main) Adding elements io.quarkus.bootstrap.classloading.PathTreeClassPathElement[org.apache.maven.shared:maven-shared-utils / runtime=true resources=103] to QuarkusClassLoader Augmentation Class Loader: TEST for PaymentControllerTest (QuarkusTest)
2024-07-08 14:43:22,042 bbtmf-4ag171p4l JUnitStarter[93572] DEBUG [io.qua.boo.cla.QuarkusClassLoader] (main) Adding elements io.quarkus.bootstrap.classloading.PathTreeClassPathElement[com.google.inject:guice / runtime=true resources=513] to QuarkusClassLoader Augmentation Class Loader: TEST for PaymentControllerTest (QuarkusTest)
2024-07-08 14:43:22,042 bbtmf-4ag171p4l JUnitStarter[93572] DEBUG [io.qua.boo.cla.QuarkusClassLoader] (main) Adding elements io.quarkus.bootstrap.classloading.PathTreeClassPathElement[aopalliance:aopalliance / runtime=true resources=15] to QuarkusClassLoader Augmentation Class Loader: TEST for PaymentControllerTest (QuarkusTest)
2024-07-08 14:43:22,043 bbtmf-4ag171p4l JUnitStarter[93572] DEBUG [io.qua.boo.cla.QuarkusClassLoader] (main) Adding elements io.quarkus.bootstrap.classloading.PathTreeClassPathElement[com.google.guava:guava / runtime=true resources=2060] to QuarkusClassLoader Augmentation Class Loader: TEST for PaymentControllerTest (QuarkusTest)
2024-07-08 14:43:22,043 bbtmf-4ag171p4l JUnitStarter[93572] DEBUG [io.qua.boo.cla.QuarkusClassLoader] (main) Adding elements io.quarkus.bootstrap.classloading.PathTreeClassPathElement[com.google.guava:failureaccess / runtime=true resources=15] to QuarkusClassLoader Augmentation Class Loader: TEST for PaymentControllerTest (QuarkusTest)
2024-07-08 14:43:22,043 bbtmf-4ag171p4l JUnitStarter[93572] DEBUG [io.qua.boo.cla.QuarkusClassLoader] (main) Adding elements io.quarkus.bootstrap.classloading.PathTreeClassPathElement[org.codehaus.plexus:plexus-classworlds / runtime=true resources=52] to QuarkusClassLoader Augmentation Class Loader: TEST for PaymentControllerTest (QuarkusTest)
2024-07-08 14:43:22,043 bbtmf-4ag171p4l JUnitStarter[93572] DEBUG [io.qua.boo.cla.QuarkusClassLoader] (main) Adding elements io.quarkus.bootstrap.classloading.PathTreeClassPathElement[commons-cli:commons-cli / runtime=true resources=42] to QuarkusClassLoader Augmentation Class Loader: TEST for PaymentControllerTest (QuarkusTest)
2024-07-08 14:43:22,043 bbtmf-4ag171p4l JUnitStarter[93572] DEBUG [io.qua.boo.cla.QuarkusClassLoader] (main) Adding elements io.quarkus.bootstrap.classloading.PathTreeClassPathElement[org.eclipse.sisu:org.eclipse.sisu.plexus / runtime=true resources=203] to QuarkusClassLoader Augmentation Class Loader: TEST for PaymentControllerTest (QuarkusTest)
2024-07-08 14:43:22,043 bbtmf-4ag171p4l JUnitStarter[93572] DEBUG [io.qua.boo.cla.QuarkusClassLoader] (main) Adding elements io.quarkus.bootstrap.classloading.PathTreeClassPathElement[org.apache.maven:maven-settings-builder / runtime=true resources=53] to QuarkusClassLoader Augmentation Class Loader: TEST for PaymentControllerTest (QuarkusTest)
2024-07-08 14:43:22,043 bbtmf-4ag171p4l JUnitStarter[93572] DEBUG [io.qua.boo.cla.QuarkusClassLoader] (main) Adding elements io.quarkus.bootstrap.classloading.PathTreeClassPathElement[org.apache.maven:maven-resolver-provider / runtime=true resources=49] to QuarkusClassLoader Augmentation Class Loader: TEST for PaymentControllerTest (QuarkusTest)
2024-07-08 14:43:22,043 bbtmf-4ag171p4l JUnitStarter[93572] DEBUG [io.qua.boo.cla.QuarkusClassLoader] (main) Adding elements io.quarkus.bootstrap.classloading.PathTreeClassPathElement[org.apache.maven.resolver:maven-resolver-connector-basic / runtime=true resources=31] to QuarkusClassLoader Augmentation Class Loader: TEST for PaymentControllerTest (QuarkusTest)
2024-07-08 14:43:22,043 bbtmf-4ag171p4l JUnitStarter[93572] DEBUG [io.qua.boo.cla.QuarkusClassLoader] (main) Adding elements io.quarkus.bootstrap.classloading.PathTreeClassPathElement[org.apache.maven.resolver:maven-resolver-transport-wagon / runtime=true resources=37] to QuarkusClassLoader Augmentation Class Loader: TEST for PaymentControllerTest (QuarkusTest)
2024-07-08 14:43:22,044 bbtmf-4ag171p4l JUnitStarter[93572] DEBUG [io.qua.boo.cla.QuarkusClassLoader] (main) Adding elements io.quarkus.bootstrap.classloading.PathTreeClassPathElement[org.apache.maven.wagon:wagon-http / runtime=true resources=19] to QuarkusClassLoader Augmentation Class Loader: TEST for PaymentControllerTest (QuarkusTest)
2024-07-08 14:43:22,044 bbtmf-4ag171p4l JUnitStarter[93572] DEBUG [io.qua.boo.cla.QuarkusClassLoader] (main) Adding elements io.quarkus.bootstrap.classloading.PathTreeClassPathElement[org.apache.maven.wagon:wagon-file / runtime=true resources=19] to QuarkusClassLoader Augmentation Class Loader: TEST for PaymentControllerTest (QuarkusTest)
2024-07-08 14:43:22,044 bbtmf-4ag171p4l JUnitStarter[93572] DEBUG [io.qua.boo.cla.QuarkusClassLoader] (main) Adding parent first element io.quarkus.bootstrap.classloading.PathTreeClassPathElement[io.quarkus:quarkus-bootstrap-gradle-resolver / runtime=true resources=2450] to QuarkusClassLoader Augmentation Class Loader: TEST for PaymentControllerTest (QuarkusTest)
2024-07-08 14:43:22,044 bbtmf-4ag171p4l JUnitStarter[93572] DEBUG [io.qua.boo.cla.QuarkusClassLoader] (main) Adding elements io.quarkus.bootstrap.classloading.PathTreeClassPathElement[io.quarkus:quarkus-bootstrap-gradle-resolver / runtime=true resources=2450] to QuarkusClassLoader Augmentation Class Loader: TEST for PaymentControllerTest (QuarkusTest)
2024-07-08 14:43:22,044 bbtmf-4ag171p4l JUnitStarter[93572] DEBUG [io.qua.boo.cla.QuarkusClassLoader] (main) Adding elements io.quarkus.bootstrap.classloading.PathTreeClassPathElement[org.jboss.logging:commons-logging-jboss-logging / runtime=true resources=24] to QuarkusClassLoader Augmentation Class Loader: TEST for PaymentControllerTest (QuarkusTest)
2024-07-08 14:43:22,044 bbtmf-4ag171p4l JUnitStarter[93572] DEBUG [io.qua.boo.cla.QuarkusClassLoader] (main) Adding elements io.quarkus.bootstrap.classloading.PathTreeClassPathElement[io.quarkus:quarkus-junit5-properties / runtime=true resources=10] to QuarkusClassLoader Augmentation Class Loader: TEST for PaymentControllerTest (QuarkusTest)
2024-07-08 14:43:22,044 bbtmf-4ag171p4l JUnitStarter[93572] DEBUG [io.qua.boo.cla.QuarkusClassLoader] (main) Adding elements io.quarkus.bootstrap.classloading.PathTreeClassPathElement[org.junit.jupiter:junit-jupiter / runtime=true resources=5] to QuarkusClassLoader Augmentation Class Loader: TEST for PaymentControllerTest (QuarkusTest)
2024-07-08 14:43:22,044 bbtmf-4ag171p4l JUnitStarter[93572] DEBUG [io.qua.boo.cla.QuarkusClassLoader] (main) Adding parent first element io.quarkus.bootstrap.classloading.PathTreeClassPathElement[org.junit.jupiter:junit-jupiter-api / runtime=true resources=197] to QuarkusClassLoader Augmentation Class Loader: TEST for PaymentControllerTest (QuarkusTest)
2024-07-08 14:43:22,044 bbtmf-4ag171p4l JUnitStarter[93572] DEBUG [io.qua.boo.cla.QuarkusClassLoader] (main) Adding elements io.quarkus.bootstrap.classloading.PathTreeClassPathElement[org.junit.jupiter:junit-jupiter-api / runtime=true resources=197] to QuarkusClassLoader Augmentation Class Loader: TEST for PaymentControllerTest (QuarkusTest)
2024-07-08 14:43:22,044 bbtmf-4ag171p4l JUnitStarter[93572] DEBUG [io.qua.boo.cla.QuarkusClassLoader] (main) Adding parent first element io.quarkus.bootstrap.classloading.PathTreeClassPathElement[org.opentest4j:opentest4j / runtime=true resources=15] to QuarkusClassLoader Augmentation Class Loader: TEST for PaymentControllerTest (QuarkusTest)
2024-07-08 14:43:22,044 bbtmf-4ag171p4l JUnitStarter[93572] DEBUG [io.qua.boo.cla.QuarkusClassLoader] (main) Adding elements io.quarkus.bootstrap.classloading.PathTreeClassPathElement[org.opentest4j:opentest4j / runtime=true resources=15] to QuarkusClassLoader Augmentation Class Loader: TEST for PaymentControllerTest (QuarkusTest)
2024-07-08 14:43:22,044 bbtmf-4ag171p4l JUnitStarter[93572] DEBUG [io.qua.boo.cla.QuarkusClassLoader] (main) Adding parent first element io.quarkus.bootstrap.classloading.PathTreeClassPathElement[org.junit.platform:junit-platform-commons / runtime=true resources=66] to QuarkusClassLoader Augmentation Class Loader: TEST for PaymentControllerTest (QuarkusTest)
2024-07-08 14:43:22,044 bbtmf-4ag171p4l JUnitStarter[93572] DEBUG [io.qua.boo.cla.QuarkusClassLoader] (main) Adding elements io.quarkus.bootstrap.classloading.PathTreeClassPathElement[org.junit.platform:junit-platform-commons / runtime=true resources=66] to QuarkusClassLoader Augmentation Class Loader: TEST for PaymentControllerTest (QuarkusTest)
2024-07-08 14:43:22,045 bbtmf-4ag171p4l JUnitStarter[93572] DEBUG [io.qua.boo.cla.QuarkusClassLoader] (main) Adding parent first element io.quarkus.bootstrap.classloading.PathTreeClassPathElement[org.apiguardian:apiguardian-api / runtime=true resources=9] to QuarkusClassLoader Augmentation Class Loader: TEST for PaymentControllerTest (QuarkusTest)
2024-07-08 14:43:22,045 bbtmf-4ag171p4l JUnitStarter[93572] DEBUG [io.qua.boo.cla.QuarkusClassLoader] (main) Adding elements io.quarkus.bootstrap.classloading.PathTreeClassPathElement[org.apiguardian:apiguardian-api / runtime=true resources=9] to QuarkusClassLoader Augmentation Class Loader: TEST for PaymentControllerTest (QuarkusTest)
2024-07-08 14:43:22,045 bbtmf-4ag171p4l JUnitStarter[93572] DEBUG [io.qua.boo.cla.QuarkusClassLoader] (main) Adding parent first element io.quarkus.bootstrap.classloading.PathTreeClassPathElement[org.junit.jupiter:junit-jupiter-params / runtime=true resources=381] to QuarkusClassLoader Augmentation Class Loader: TEST for PaymentControllerTest (QuarkusTest)
2024-07-08 14:43:22,045 bbtmf-4ag171p4l JUnitStarter[93572] DEBUG [io.qua.boo.cla.QuarkusClassLoader] (main) Adding elements io.quarkus.bootstrap.classloading.PathTreeClassPathElement[org.junit.jupiter:junit-jupiter-params / runtime=true resources=381] to QuarkusClassLoader Augmentation Class Loader: TEST for PaymentControllerTest (QuarkusTest)
2024-07-08 14:43:22,045 bbtmf-4ag171p4l JUnitStarter[93572] DEBUG [io.qua.boo.cla.QuarkusClassLoader] (main) Adding parent first element io.quarkus.bootstrap.classloading.PathTreeClassPathElement[org.junit.jupiter:junit-jupiter-engine / runtime=true resources=147] to QuarkusClassLoader Augmentation Class Loader: TEST for PaymentControllerTest (QuarkusTest)
2024-07-08 14:43:22,045 bbtmf-4ag171p4l JUnitStarter[93572] DEBUG [io.qua.boo.cla.QuarkusClassLoader] (main) Adding elements io.quarkus.bootstrap.classloading.PathTreeClassPathElement[org.junit.jupiter:junit-jupiter-engine / runtime=true resources=147] to QuarkusClassLoader Augmentation Class Loader: TEST for PaymentControllerTest (QuarkusTest)
2024-07-08 14:43:22,045 bbtmf-4ag171p4l JUnitStarter[93572] DEBUG [io.qua.boo.cla.QuarkusClassLoader] (main) Adding parent first element io.quarkus.bootstrap.classloading.PathTreeClassPathElement[org.junit.platform:junit-platform-engine / runtime=true resources=153] to QuarkusClassLoader Augmentation Class Loader: TEST for PaymentControllerTest (QuarkusTest)
2024-07-08 14:43:22,045 bbtmf-4ag171p4l JUnitStarter[93572] DEBUG [io.qua.boo.cla.QuarkusClassLoader] (main) Adding elements io.quarkus.bootstrap.classloading.PathTreeClassPathElement[org.junit.platform:junit-platform-engine / runtime=true resources=153] to QuarkusClassLoader Augmentation Class Loader: TEST for PaymentControllerTest (QuarkusTest)
2024-07-08 14:43:22,045 bbtmf-4ag171p4l JUnitStarter[93572] DEBUG [io.qua.boo.cla.QuarkusClassLoader] (main) Adding elements io.quarkus.bootstrap.classloading.PathTreeClassPathElement[com.thoughtworks.xstream:xstream / runtime=true resources=530] to QuarkusClassLoader Augmentation Class Loader: TEST for PaymentControllerTest (QuarkusTest)
2024-07-08 14:43:22,045 bbtmf-4ag171p4l JUnitStarter[93572] DEBUG [io.qua.boo.cla.QuarkusClassLoader] (main) Adding elements io.quarkus.bootstrap.classloading.PathTreeClassPathElement[io.github.x-stream:mxparser / runtime=true resources=16] to QuarkusClassLoader Augmentation Class Loader: TEST for PaymentControllerTest (QuarkusTest)
2024-07-08 14:43:22,045 bbtmf-4ag171p4l JUnitStarter[93572] DEBUG [io.qua.boo.cla.QuarkusClassLoader] (main) Adding elements io.quarkus.bootstrap.classloading.PathTreeClassPathElement[xmlpull:xmlpull / runtime=true resources=10] to QuarkusClassLoader Augmentation Class Loader: TEST for PaymentControllerTest (QuarkusTest)
2024-07-08 14:43:22,045 bbtmf-4ag171p4l JUnitStarter[93572] DEBUG [io.qua.boo.cla.QuarkusClassLoader] (main) Adding elements io.quarkus.bootstrap.classloading.PathTreeClassPathElement[io.rest-assured:rest-assured / runtime=true resources=380] to QuarkusClassLoader Augmentation Class Loader: TEST for PaymentControllerTest (QuarkusTest)
2024-07-08 14:43:22,045 bbtmf-4ag171p4l JUnitStarter[93572] DEBUG [io.qua.boo.cla.QuarkusClassLoader] (main) Adding elements io.quarkus.bootstrap.classloading.PathTreeClassPathElement[org.apache.groovy:groovy / runtime=true resources=4744] to QuarkusClassLoader Augmentation Class Loader: TEST for PaymentControllerTest (QuarkusTest)
2024-07-08 14:43:22,046 bbtmf-4ag171p4l JUnitStarter[93572] DEBUG [io.qua.boo.cla.QuarkusClassLoader] (main) Adding elements io.quarkus.bootstrap.classloading.PathTreeClassPathElement[org.apache.groovy:groovy-xml / runtime=true resources=149] to QuarkusClassLoader Augmentation Class Loader: TEST for PaymentControllerTest (QuarkusTest)
2024-07-08 14:43:22,046 bbtmf-4ag171p4l JUnitStarter[93572] DEBUG [io.qua.boo.cla.QuarkusClassLoader] (main) Adding elements io.quarkus.bootstrap.classloading.PathTreeClassPathElement[org.apache.httpcomponents:httpclient / runtime=true resources=511] to QuarkusClassLoader Augmentation Class Loader: TEST for PaymentControllerTest (QuarkusTest)
2024-07-08 14:43:22,046 bbtmf-4ag171p4l JUnitStarter[93572] DEBUG [io.qua.boo.cla.QuarkusClassLoader] (main) Adding elements io.quarkus.bootstrap.classloading.PathTreeClassPathElement[org.apache.httpcomponents:httpcore / runtime=true resources=283] to QuarkusClassLoader Augmentation Class Loader: TEST for PaymentControllerTest (QuarkusTest)
2024-07-08 14:43:22,046 bbtmf-4ag171p4l JUnitStarter[93572] DEBUG [io.qua.boo.cla.QuarkusClassLoader] (main) Adding elements io.quarkus.bootstrap.classloading.PathTreeClassPathElement[commons-codec:commons-codec / runtime=true resources=260] to QuarkusClassLoader Augmentation Class Loader: TEST for PaymentControllerTest (QuarkusTest)
2024-07-08 14:43:22,046 bbtmf-4ag171p4l JUnitStarter[93572] DEBUG [io.qua.boo.cla.QuarkusClassLoader] (main) Adding elements io.quarkus.bootstrap.classloading.PathTreeClassPathElement[org.apache.httpcomponents:httpmime / runtime=true resources=40] to QuarkusClassLoader Augmentation Class Loader: TEST for PaymentControllerTest (QuarkusTest)
2024-07-08 14:43:22,046 bbtmf-4ag171p4l JUnitStarter[93572] DEBUG [io.qua.boo.cla.QuarkusClassLoader] (main) Adding elements io.quarkus.bootstrap.classloading.PathTreeClassPathElement[org.hamcrest:hamcrest / runtime=true resources=122] to QuarkusClassLoader Augmentation Class Loader: TEST for PaymentControllerTest (QuarkusTest)
2024-07-08 14:43:22,046 bbtmf-4ag171p4l JUnitStarter[93572] DEBUG [io.qua.boo.cla.QuarkusClassLoader] (main) Adding elements io.quarkus.bootstrap.classloading.PathTreeClassPathElement[org.ccil.cowan.tagsoup:tagsoup / runtime=true resources=29] to QuarkusClassLoader Augmentation Class Loader: TEST for PaymentControllerTest (QuarkusTest)
2024-07-08 14:43:22,046 bbtmf-4ag171p4l JUnitStarter[93572] DEBUG [io.qua.boo.cla.QuarkusClassLoader] (main) Adding elements io.quarkus.bootstrap.classloading.PathTreeClassPathElement[io.rest-assured:json-path / runtime=true resources=61] to QuarkusClassLoader Augmentation Class Loader: TEST for PaymentControllerTest (QuarkusTest)
2024-07-08 14:43:22,046 bbtmf-4ag171p4l JUnitStarter[93572] DEBUG [io.qua.boo.cla.QuarkusClassLoader] (main) Adding elements io.quarkus.bootstrap.classloading.PathTreeClassPathElement[org.apache.groovy:groovy-json / runtime=true resources=79] to QuarkusClassLoader Augmentation Class Loader: TEST for PaymentControllerTest (QuarkusTest)
2024-07-08 14:43:22,046 bbtmf-4ag171p4l JUnitStarter[93572] DEBUG [io.qua.boo.cla.QuarkusClassLoader] (main) Adding elements io.quarkus.bootstrap.classloading.PathTreeClassPathElement[io.rest-assured:rest-assured-common / runtime=true resources=42] to QuarkusClassLoader Augmentation Class Loader: TEST for PaymentControllerTest (QuarkusTest)
2024-07-08 14:43:22,047 bbtmf-4ag171p4l JUnitStarter[93572] DEBUG [io.qua.boo.cla.QuarkusClassLoader] (main) Adding elements io.quarkus.bootstrap.classloading.PathTreeClassPathElement[io.rest-assured:xml-path / runtime=true resources=61] to QuarkusClassLoader Augmentation Class Loader: TEST for PaymentControllerTest (QuarkusTest)
2024-07-08 14:43:22,047 bbtmf-4ag171p4l JUnitStarter[93572] DEBUG [io.qua.boo.cla.QuarkusClassLoader] (main) Adding elements io.quarkus.bootstrap.classloading.PathTreeClassPathElement[org.apache.commons:commons-lang3 / runtime=true resources=437] to QuarkusClassLoader Augmentation Class Loader: TEST for PaymentControllerTest (QuarkusTest)
2024-07-08 14:43:22,047 bbtmf-4ag171p4l JUnitStarter[93572] DEBUG [io.qua.boo.cla.QuarkusClassLoader] (main) Adding elements io.quarkus.bootstrap.classloading.PathTreeClassPathElement[org.projectlombok:lombok / runtime=true resources=1063] to QuarkusClassLoader Augmentation Class Loader: TEST for PaymentControllerTest (QuarkusTest)
2024-07-08 14:43:22,047 bbtmf-4ag171p4l JUnitStarter[93572] DEBUG [io.qua.boo.cla.QuarkusClassLoader] (main) Adding elements io.quarkus.bootstrap.classloading.PathTreeClassPathElement[io.quarkus:quarkus-resteasy-common-deployment / runtime=false resources=null] to QuarkusClassLoader Augmentation Class Loader: TEST for PaymentControllerTest (QuarkusTest)
2024-07-08 14:43:22,048 bbtmf-4ag171p4l JUnitStarter[93572] DEBUG [io.qua.boo.cla.QuarkusClassLoader] (main) Adding elements io.quarkus.bootstrap.classloading.PathTreeClassPathElement[io.quarkus.http:quarkus-http-http-core / runtime=false resources=null] to QuarkusClassLoader Augmentation Class Loader: TEST for PaymentControllerTest (QuarkusTest)
2024-07-08 14:43:22,049 bbtmf-4ag171p4l JUnitStarter[93572] DEBUG [io.qua.boo.cla.QuarkusClassLoader] (main) Adding elements io.quarkus.bootstrap.classloading.PathTreeClassPathElement[io.quarkus.http:quarkus-http-core / runtime=false resources=null] to QuarkusClassLoader Augmentation Class Loader: TEST for PaymentControllerTest (QuarkusTest)
2024-07-08 14:43:22,049 bbtmf-4ag171p4l JUnitStarter[93572] DEBUG [io.qua.boo.cla.QuarkusClassLoader] (main) Adding elements io.quarkus.bootstrap.classloading.PathTreeClassPathElement[io.quarkus.http:quarkus-http-servlet / runtime=false resources=null] to QuarkusClassLoader Augmentation Class Loader: TEST for PaymentControllerTest (QuarkusTest)
2024-07-08 14:43:22,050 bbtmf-4ag171p4l JUnitStarter[93572] DEBUG [io.qua.boo.cla.QuarkusClassLoader] (main) Adding elements io.quarkus.bootstrap.classloading.PathTreeClassPathElement[org.jboss.metadata:jboss-metadata-common / runtime=false resources=null] to QuarkusClassLoader Augmentation Class Loader: TEST for PaymentControllerTest (QuarkusTest)
2024-07-08 14:43:22,051 bbtmf-4ag171p4l JUnitStarter[93572] DEBUG [io.qua.boo.cla.QuarkusClassLoader] (main) Adding elements io.quarkus.bootstrap.classloading.PathTreeClassPathElement[org.jboss.metadata:jboss-metadata-web / runtime=false resources=null] to QuarkusClassLoader Augmentation Class Loader: TEST for PaymentControllerTest (QuarkusTest)
2024-07-08 14:43:22,051 bbtmf-4ag171p4l JUnitStarter[93572] DEBUG [io.qua.boo.cla.QuarkusClassLoader] (main) Adding elements io.quarkus.bootstrap.classloading.PathTreeClassPathElement[io.quarkus:quarkus-undertow-spi / runtime=false resources=null] to QuarkusClassLoader Augmentation Class Loader: TEST for PaymentControllerTest (QuarkusTest)
2024-07-08 14:43:22,051 bbtmf-4ag171p4l JUnitStarter[93572] DEBUG [io.qua.boo.cla.QuarkusClassLoader] (main) Adding elements io.quarkus.bootstrap.classloading.PathTreeClassPathElement[io.quarkus:quarkus-resteasy-server-common-deployment / runtime=false resources=null] to QuarkusClassLoader Augmentation Class Loader: TEST for PaymentControllerTest (QuarkusTest)
2024-07-08 14:43:22,052 bbtmf-4ag171p4l JUnitStarter[93572] DEBUG [io.qua.boo.cla.QuarkusClassLoader] (main) Adding elements io.quarkus.bootstrap.classloading.PathTreeClassPathElement[io.quarkus:quarkus-netty-deployment / runtime=false resources=null] to QuarkusClassLoader Augmentation Class Loader: TEST for PaymentControllerTest (QuarkusTest)
2024-07-08 14:43:22,052 bbtmf-4ag171p4l JUnitStarter[93572] DEBUG [io.qua.boo.cla.QuarkusClassLoader] (main) Adding elements io.quarkus.bootstrap.classloading.PathTreeClassPathElement[io.quarkus:quarkus-virtual-threads-deployment / runtime=false resources=null] to QuarkusClassLoader Augmentation Class Loader: TEST for PaymentControllerTest (QuarkusTest)
2024-07-08 14:43:22,052 bbtmf-4ag171p4l JUnitStarter[93572] DEBUG [io.qua.boo.cla.QuarkusClassLoader] (main) Adding elements io.quarkus.bootstrap.classloading.PathTreeClassPathElement[io.quarkus:quarkus-jackson-spi / runtime=false resources=null] to QuarkusClassLoader Augmentation Class Loader: TEST for PaymentControllerTest (QuarkusTest)
2024-07-08 14:43:22,052 bbtmf-4ag171p4l JUnitStarter[93572] DEBUG [io.qua.boo.cla.QuarkusClassLoader] (main) Adding elements io.quarkus.bootstrap.classloading.PathTreeClassPathElement[io.quarkus:quarkus-vertx-deployment / runtime=false resources=null] to QuarkusClassLoader Augmentation Class Loader: TEST for PaymentControllerTest (QuarkusTest)
2024-07-08 14:43:22,053 bbtmf-4ag171p4l JUnitStarter[93572] DEBUG [io.qua.boo.cla.QuarkusClassLoader] (main) Adding elements io.quarkus.bootstrap.classloading.PathTreeClassPathElement[io.quarkus:quarkus-vertx-http-deployment-spi / runtime=false resources=null] to QuarkusClassLoader Augmentation Class Loader: TEST for PaymentControllerTest (QuarkusTest)
2024-07-08 14:43:22,053 bbtmf-4ag171p4l JUnitStarter[93572] DEBUG [io.qua.boo.cla.QuarkusClassLoader] (main) Adding elements io.quarkus.bootstrap.classloading.PathTreeClassPathElement[io.quarkus:quarkus-smallrye-context-propagation-deployment / runtime=false resources=null] to QuarkusClassLoader Augmentation Class Loader: TEST for PaymentControllerTest (QuarkusTest)
2024-07-08 14:43:22,053 bbtmf-4ag171p4l JUnitStarter[93572] DEBUG [io.qua.boo.cla.QuarkusClassLoader] (main) Adding elements io.quarkus.bootstrap.classloading.PathTreeClassPathElement[io.quarkus:quarkus-mutiny-deployment / runtime=false resources=null] to QuarkusClassLoader Augmentation Class Loader: TEST for PaymentControllerTest (QuarkusTest)
2024-07-08 14:43:22,054 bbtmf-4ag171p4l JUnitStarter[93572] DEBUG [io.qua.boo.cla.QuarkusClassLoader] (main) Adding elements io.quarkus.bootstrap.classloading.PathTreeClassPathElement[io.quarkus:quarkus-credentials-deployment / runtime=false resources=null] to QuarkusClassLoader Augmentation Class Loader: TEST for PaymentControllerTest (QuarkusTest)
2024-07-08 14:43:22,054 bbtmf-4ag171p4l JUnitStarter[93572] DEBUG [io.qua.boo.cla.QuarkusClassLoader] (main) Adding elements io.quarkus.bootstrap.classloading.PathTreeClassPathElement[io.quarkus:quarkus-kubernetes-spi / runtime=false resources=null] to QuarkusClassLoader Augmentation Class Loader: TEST for PaymentControllerTest (QuarkusTest)
2024-07-08 14:43:22,055 bbtmf-4ag171p4l JUnitStarter[93572] DEBUG [io.qua.boo.cla.QuarkusClassLoader] (main) Adding elements io.quarkus.bootstrap.classloading.PathTreeClassPathElement[org.mvnpm.at.vaadin:router / runtime=false resources=null] to QuarkusClassLoader Augmentation Class Loader: TEST for PaymentControllerTest (QuarkusTest)
2024-07-08 14:43:22,055 bbtmf-4ag171p4l JUnitStarter[93572] DEBUG [io.qua.boo.cla.QuarkusClassLoader] (main) Adding elements io.quarkus.bootstrap.classloading.PathTreeClassPathElement[org.mvnpm:path-to-regexp / runtime=false resources=null] to QuarkusClassLoader Augmentation Class Loader: TEST for PaymentControllerTest (QuarkusTest)
2024-07-08 14:43:22,057 bbtmf-4ag171p4l JUnitStarter[93572] DEBUG [io.qua.boo.cla.QuarkusClassLoader] (main) Adding elements io.quarkus.bootstrap.classloading.PathTreeClassPathElement[org.mvnpm.at.mvnpm:vaadin-webcomponents / runtime=false resources=null] to QuarkusClassLoader Augmentation Class Loader: TEST for PaymentControllerTest (QuarkusTest)
2024-07-08 14:43:22,058 bbtmf-4ag171p4l JUnitStarter[93572] DEBUG [io.qua.boo.cla.QuarkusClassLoader] (main) Adding elements io.quarkus.bootstrap.classloading.PathTreeClassPathElement[org.mvnpm.at.vaadin:vaadin-usage-statistics / runtime=false resources=null] to QuarkusClassLoader Augmentation Class Loader: TEST for PaymentControllerTest (QuarkusTest)
2024-07-08 14:43:22,059 bbtmf-4ag171p4l JUnitStarter[93572] DEBUG [io.qua.boo.cla.QuarkusClassLoader] (main) Adding elements io.quarkus.bootstrap.classloading.PathTreeClassPathElement[org.mvnpm.at.vaadin:vaadin-development-mode-detector / runtime=false resources=null] to QuarkusClassLoader Augmentation Class Loader: TEST for PaymentControllerTest (QuarkusTest)
2024-07-08 14:43:22,060 bbtmf-4ag171p4l JUnitStarter[93572] DEBUG [io.qua.boo.cla.QuarkusClassLoader] (main) Adding elements io.quarkus.bootstrap.classloading.PathTreeClassPathElement[org.mvnpm.at.polymer:polymer / runtime=false resources=null] to QuarkusClassLoader Augmentation Class Loader: TEST for PaymentControllerTest (QuarkusTest)
2024-07-08 14:43:22,060 bbtmf-4ag171p4l JUnitStarter[93572] DEBUG [io.qua.boo.cla.QuarkusClassLoader] (main) Adding elements io.quarkus.bootstrap.classloading.PathTreeClassPathElement[org.mvnpm.at.webcomponents:shadycss / runtime=false resources=null] to QuarkusClassLoader Augmentation Class Loader: TEST for PaymentControllerTest (QuarkusTest)
2024-07-08 14:43:22,060 bbtmf-4ag171p4l JUnitStarter[93572] DEBUG [io.qua.boo.cla.QuarkusClassLoader] (main) Adding elements io.quarkus.bootstrap.classloading.PathTreeClassPathElement[org.mvnpm.at.open-wc:dedupe-mixin / runtime=false resources=null] to QuarkusClassLoader Augmentation Class Loader: TEST for PaymentControllerTest (QuarkusTest)
2024-07-08 14:43:22,061 bbtmf-4ag171p4l JUnitStarter[93572] DEBUG [io.qua.boo.cla.QuarkusClassLoader] (main) Adding elements io.quarkus.bootstrap.classloading.PathTreeClassPathElement[org.mvnpm:lit / runtime=false resources=null] to QuarkusClassLoader Augmentation Class Loader: TEST for PaymentControllerTest (QuarkusTest)
2024-07-08 14:43:22,063 bbtmf-4ag171p4l JUnitStarter[93572] DEBUG [io.qua.boo.cla.QuarkusClassLoader] (main) Adding elements io.quarkus.bootstrap.classloading.PathTreeClassPathElement[org.mvnpm.at.lit:reactive-element / runtime=false resources=null] to QuarkusClassLoader Augmentation Class Loader: TEST for PaymentControllerTest (QuarkusTest)
2024-07-08 14:43:22,066 bbtmf-4ag171p4l JUnitStarter[93572] DEBUG [io.qua.boo.cla.QuarkusClassLoader] (main) Adding elements io.quarkus.bootstrap.classloading.PathTreeClassPathElement[org.mvnpm:lit-element / runtime=false resources=null] to QuarkusClassLoader Augmentation Class Loader: TEST for PaymentControllerTest (QuarkusTest)
2024-07-08 14:43:22,068 bbtmf-4ag171p4l JUnitStarter[93572] DEBUG [io.qua.boo.cla.QuarkusClassLoader] (main) Adding elements io.quarkus.bootstrap.classloading.PathTreeClassPathElement[org.mvnpm:lit-html / runtime=false resources=null] to QuarkusClassLoader Augmentation Class Loader: TEST for PaymentControllerTest (QuarkusTest)
2024-07-08 14:43:22,069 bbtmf-4ag171p4l JUnitStarter[93572] DEBUG [io.qua.boo.cla.QuarkusClassLoader] (main) Adding elements io.quarkus.bootstrap.classloading.PathTreeClassPathElement[org.mvnpm.at.lit-labs:ssr-dom-shim / runtime=false resources=null] to QuarkusClassLoader Augmentation Class Loader: TEST for PaymentControllerTest (QuarkusTest)
2024-07-08 14:43:22,070 bbtmf-4ag171p4l JUnitStarter[93572] DEBUG [io.qua.boo.cla.QuarkusClassLoader] (main) Adding elements io.quarkus.bootstrap.classloading.PathTreeClassPathElement[org.mvnpm.at.types:trusted-types / runtime=false resources=null] to QuarkusClassLoader Augmentation Class Loader: TEST for PaymentControllerTest (QuarkusTest)
2024-07-08 14:43:22,070 bbtmf-4ag171p4l JUnitStarter[93572] DEBUG [io.qua.boo.cla.QuarkusClassLoader] (main) Adding elements io.quarkus.bootstrap.classloading.PathTreeClassPathElement[org.mvnpm:lit-element-state / runtime=false resources=null] to QuarkusClassLoader Augmentation Class Loader: TEST for PaymentControllerTest (QuarkusTest)
2024-07-08 14:43:22,071 bbtmf-4ag171p4l JUnitStarter[93572] DEBUG [io.qua.boo.cla.QuarkusClassLoader] (main) Adding elements io.quarkus.bootstrap.classloading.PathTreeClassPathElement[org.mvnpm:tslib / runtime=false resources=null] to QuarkusClassLoader Augmentation Class Loader: TEST for PaymentControllerTest (QuarkusTest)
2024-07-08 14:43:22,071 bbtmf-4ag171p4l JUnitStarter[93572] DEBUG [io.qua.boo.cla.QuarkusClassLoader] (main) Adding elements io.quarkus.bootstrap.classloading.PathTreeClassPathElement[org.mvnpm:zrender / runtime=false resources=null] to QuarkusClassLoader Augmentation Class Loader: TEST for PaymentControllerTest (QuarkusTest)
2024-07-08 14:43:22,072 bbtmf-4ag171p4l JUnitStarter[93572] DEBUG [io.qua.boo.cla.QuarkusClassLoader] (main) Adding elements io.quarkus.bootstrap.classloading.PathTreeClassPathElement[org.mvnpm:echarts / runtime=false resources=null] to QuarkusClassLoader Augmentation Class Loader: TEST for PaymentControllerTest (QuarkusTest)
2024-07-08 14:43:22,073 bbtmf-4ag171p4l JUnitStarter[93572] DEBUG [io.qua.boo.cla.QuarkusClassLoader] (main) Adding elements io.quarkus.bootstrap.classloading.PathTreeClassPathElement[org.mvnpm.at.mvnpm:codeblock / runtime=false resources=null] to QuarkusClassLoader Augmentation Class Loader: TEST for PaymentControllerTest (QuarkusTest)
2024-07-08 14:43:22,073 bbtmf-4ag171p4l JUnitStarter[93572] DEBUG [io.qua.boo.cla.QuarkusClassLoader] (main) Adding elements io.quarkus.bootstrap.classloading.PathTreeClassPathElement[org.mvnpm:es-module-shims / runtime=false resources=null] to QuarkusClassLoader Augmentation Class Loader: TEST for PaymentControllerTest (QuarkusTest)
2024-07-08 14:43:22,073 bbtmf-4ag171p4l JUnitStarter[93572] DEBUG [io.qua.boo.cla.QuarkusClassLoader] (main) Adding elements io.quarkus.bootstrap.classloading.PathTreeClassPathElement[io.quarkus:quarkus-vertx-http-dev-ui-resources / runtime=false resources=null] to QuarkusClassLoader Augmentation Class Loader: TEST for PaymentControllerTest (QuarkusTest)
2024-07-08 14:43:22,073 bbtmf-4ag171p4l JUnitStarter[93572] DEBUG [io.qua.boo.cla.QuarkusClassLoader] (main) Adding elements io.quarkus.bootstrap.classloading.PathTreeClassPathElement[io.mvnpm:importmap / runtime=false resources=null] to QuarkusClassLoader Augmentation Class Loader: TEST for PaymentControllerTest (QuarkusTest)
2024-07-08 14:43:22,074 bbtmf-4ag171p4l JUnitStarter[93572] DEBUG [io.qua.boo.cla.QuarkusClassLoader] (main) Adding elements io.quarkus.bootstrap.classloading.PathTreeClassPathElement[io.quarkus.qute:qute-core / runtime=false resources=null] to QuarkusClassLoader Augmentation Class Loader: TEST for PaymentControllerTest (QuarkusTest)
2024-07-08 14:43:22,074 bbtmf-4ag171p4l JUnitStarter[93572] DEBUG [io.qua.boo.cla.QuarkusClassLoader] (main) Adding elements io.quarkus.bootstrap.classloading.PathTreeClassPathElement[com.fasterxml.jackson.datatype:jackson-datatype-jdk8 / runtime=false resources=null] to QuarkusClassLoader Augmentation Class Loader: TEST for PaymentControllerTest (QuarkusTest)
2024-07-08 14:43:22,074 bbtmf-4ag171p4l JUnitStarter[93572] DEBUG [io.qua.boo.cla.QuarkusClassLoader] (main) Adding elements io.quarkus.bootstrap.classloading.PathTreeClassPathElement[io.quarkus:quarkus-vertx-http-deployment / runtime=false resources=null] to QuarkusClassLoader Augmentation Class Loader: TEST for PaymentControllerTest (QuarkusTest)
2024-07-08 14:43:22,075 bbtmf-4ag171p4l JUnitStarter[93572] DEBUG [io.qua.boo.cla.QuarkusClassLoader] (main) Adding elements io.quarkus.bootstrap.classloading.PathTreeClassPathElement[io.quarkus:quarkus-security-spi / runtime=false resources=null] to QuarkusClassLoader Augmentation Class Loader: TEST for PaymentControllerTest (QuarkusTest)
2024-07-08 14:43:22,075 bbtmf-4ag171p4l JUnitStarter[93572] DEBUG [io.qua.boo.cla.QuarkusClassLoader] (main) Adding elements io.quarkus.bootstrap.classloading.PathTreeClassPathElement[io.quarkus:quarkus-resteasy-deployment / runtime=false resources=null] to QuarkusClassLoader Augmentation Class Loader: TEST for PaymentControllerTest (QuarkusTest)
2024-07-08 14:43:22,075 bbtmf-4ag171p4l JUnitStarter[93572] DEBUG [io.qua.boo.cla.QuarkusClassLoader] (main) Adding elements io.quarkus.bootstrap.classloading.PathTreeClassPathElement[io.quarkus:quarkus-smallrye-context-propagation-spi / runtime=false resources=null] to QuarkusClassLoader Augmentation Class Loader: TEST for PaymentControllerTest (QuarkusTest)
2024-07-08 14:43:22,075 bbtmf-4ag171p4l JUnitStarter[93572] DEBUG [io.qua.boo.cla.QuarkusClassLoader] (main) Adding elements io.quarkus.bootstrap.classloading.PathTreeClassPathElement[io.quarkus:quarkus-vertx-http-dev-ui-spi / runtime=false resources=null] to QuarkusClassLoader Augmentation Class Loader: TEST for PaymentControllerTest (QuarkusTest)
2024-07-08 14:43:22,076 bbtmf-4ag171p4l JUnitStarter[93572] DEBUG [io.qua.boo.cla.QuarkusClassLoader] (main) Adding elements io.quarkus.bootstrap.classloading.PathTreeClassPathElement[io.quarkus.arc:arc-processor / runtime=false resources=null] to QuarkusClassLoader Augmentation Class Loader: TEST for PaymentControllerTest (QuarkusTest)
2024-07-08 14:43:22,076 bbtmf-4ag171p4l JUnitStarter[93572] DEBUG [io.qua.boo.cla.QuarkusClassLoader] (main) Adding elements io.quarkus.bootstrap.classloading.PathTreeClassPathElement[io.quarkus:quarkus-arc-test-supplement / runtime=false resources=null] to QuarkusClassLoader Augmentation Class Loader: TEST for PaymentControllerTest (QuarkusTest)
2024-07-08 14:43:22,077 bbtmf-4ag171p4l JUnitStarter[93572] DEBUG [io.qua.boo.cla.QuarkusClassLoader] (main) Adding elements io.quarkus.bootstrap.classloading.PathTreeClassPathElement[io.quarkus:quarkus-arc-deployment / runtime=false resources=null] to QuarkusClassLoader Augmentation Class Loader: TEST for PaymentControllerTest (QuarkusTest)
2024-07-08 14:43:22,077 bbtmf-4ag171p4l JUnitStarter[93572] DEBUG [io.qua.boo.cla.QuarkusClassLoader] (main) Adding elements io.quarkus.bootstrap.classloading.PathTreeClassPathElement[io.quarkus:quarkus-jaxrs-spi-deployment / runtime=false resources=null] to QuarkusClassLoader Augmentation Class Loader: TEST for PaymentControllerTest (QuarkusTest)
2024-07-08 14:43:22,077 bbtmf-4ag171p4l JUnitStarter[93572] DEBUG [io.qua.boo.cla.QuarkusClassLoader] (main) Adding elements io.quarkus.bootstrap.classloading.PathTreeClassPathElement[io.quarkus:quarkus-resteasy-common-spi / runtime=false resources=null] to QuarkusClassLoader Augmentation Class Loader: TEST for PaymentControllerTest (QuarkusTest)
2024-07-08 14:43:22,077 bbtmf-4ag171p4l JUnitStarter[93572] DEBUG [io.qua.boo.cla.QuarkusClassLoader] (main) Adding elements io.quarkus.bootstrap.classloading.PathTreeClassPathElement[io.quarkus:quarkus-resteasy-server-common-spi / runtime=false resources=null] to QuarkusClassLoader Augmentation Class Loader: TEST for PaymentControllerTest (QuarkusTest)
2024-07-08 14:43:22,077 bbtmf-4ag171p4l JUnitStarter[93572] DEBUG [io.qua.boo.cla.QuarkusClassLoader] (main) Adding elements io.quarkus.bootstrap.classloading.PathTreeClassPathElement[io.quarkus:quarkus-hibernate-validator-spi / runtime=false resources=null] to QuarkusClassLoader Augmentation Class Loader: TEST for PaymentControllerTest (QuarkusTest)
2024-07-08 14:43:22,078 bbtmf-4ag171p4l JUnitStarter[93572] DEBUG [io.qua.boo.cla.QuarkusClassLoader] (main) Adding elements io.quarkus.bootstrap.classloading.PathTreeClassPathElement[io.quarkus:quarkus-rest-spi-deployment / runtime=false resources=null] to QuarkusClassLoader Augmentation Class Loader: TEST for PaymentControllerTest (QuarkusTest)
2024-07-08 14:43:22,078 bbtmf-4ag171p4l JUnitStarter[93572] DEBUG [io.qua.boo.cla.QuarkusClassLoader] (main) Adding elements io.quarkus.bootstrap.classloading.PathTreeClassPathElement[io.quarkus:quarkus-hibernate-validator-deployment / runtime=false resources=null] to QuarkusClassLoader Augmentation Class Loader: TEST for PaymentControllerTest (QuarkusTest)
2024-07-08 14:43:22,078 bbtmf-4ag171p4l JUnitStarter[93572] DEBUG [io.qua.boo.cla.QuarkusClassLoader] (main) Adding elements io.quarkus.bootstrap.classloading.PathTreeClassPathElement[io.quarkus:quarkus-panache-common-deployment / runtime=false resources=null] to QuarkusClassLoader Augmentation Class Loader: TEST for PaymentControllerTest (QuarkusTest)
2024-07-08 14:43:22,078 bbtmf-4ag171p4l JUnitStarter[93572] DEBUG [io.qua.boo.cla.QuarkusClassLoader] (main) Adding elements io.quarkus.bootstrap.classloading.PathTreeClassPathElement[io.quarkus:quarkus-hibernate-orm-panache-common-deployment / runtime=false resources=null] to QuarkusClassLoader Augmentation Class Loader: TEST for PaymentControllerTest (QuarkusTest)
2024-07-08 14:43:22,078 bbtmf-4ag171p4l JUnitStarter[93572] DEBUG [io.qua.boo.cla.QuarkusClassLoader] (main) Adding elements io.quarkus.bootstrap.classloading.PathTreeClassPathElement[io.quarkus:quarkus-panache-hibernate-common-deployment / runtime=false resources=null] to QuarkusClassLoader Augmentation Class Loader: TEST for PaymentControllerTest (QuarkusTest)
2024-07-08 14:43:22,079 bbtmf-4ag171p4l JUnitStarter[93572] DEBUG [io.qua.boo.cla.QuarkusClassLoader] (main) Adding elements io.quarkus.bootstrap.classloading.PathTreeClassPathElement[io.quarkus:quarkus-hibernate-orm-panache-deployment / runtime=false resources=null] to QuarkusClassLoader Augmentation Class Loader: TEST for PaymentControllerTest (QuarkusTest)
2024-07-08 14:43:22,079 bbtmf-4ag171p4l JUnitStarter[93572] DEBUG [io.qua.boo.cla.QuarkusClassLoader] (main) Adding elements io.quarkus.bootstrap.classloading.PathTreeClassPathElement[io.quarkus:quarkus-hibernate-orm-deployment-spi / runtime=false resources=null] to QuarkusClassLoader Augmentation Class Loader: TEST for PaymentControllerTest (QuarkusTest)
2024-07-08 14:43:22,079 bbtmf-4ag171p4l JUnitStarter[93572] DEBUG [io.qua.boo.cla.QuarkusClassLoader] (main) Adding elements io.quarkus.bootstrap.classloading.PathTreeClassPathElement[io.quarkus:quarkus-narayana-jta-deployment / runtime=false resources=null] to QuarkusClassLoader Augmentation Class Loader: TEST for PaymentControllerTest (QuarkusTest)
2024-07-08 14:43:22,079 bbtmf-4ag171p4l JUnitStarter[93572] DEBUG [io.qua.boo.cla.QuarkusClassLoader] (main) Adding elements io.quarkus.bootstrap.classloading.PathTreeClassPathElement[io.quarkus:quarkus-kubernetes-service-binding-spi / runtime=false resources=null] to QuarkusClassLoader Augmentation Class Loader: TEST for PaymentControllerTest (QuarkusTest)
2024-07-08 14:43:22,080 bbtmf-4ag171p4l JUnitStarter[93572] DEBUG [io.qua.boo.cla.QuarkusClassLoader] (main) Adding elements io.quarkus.bootstrap.classloading.PathTreeClassPathElement[io.quarkus:quarkus-devservices-deployment / runtime=false resources=null] to QuarkusClassLoader Augmentation Class Loader: TEST for PaymentControllerTest (QuarkusTest)
2024-07-08 14:43:22,080 bbtmf-4ag171p4l JUnitStarter[93572] DEBUG [io.qua.boo.cla.QuarkusClassLoader] (main) Adding elements io.quarkus.bootstrap.classloading.PathTreeClassPathElement[io.quarkus:quarkus-datasource-deployment / runtime=false resources=null] to QuarkusClassLoader Augmentation Class Loader: TEST for PaymentControllerTest (QuarkusTest)
2024-07-08 14:43:22,080 bbtmf-4ag171p4l JUnitStarter[93572] DEBUG [io.qua.boo.cla.QuarkusClassLoader] (main) Adding elements io.quarkus.bootstrap.classloading.PathTreeClassPathElement[io.quarkus:quarkus-smallrye-health-spi / runtime=false resources=null] to QuarkusClassLoader Augmentation Class Loader: TEST for PaymentControllerTest (QuarkusTest)
2024-07-08 14:43:22,081 bbtmf-4ag171p4l JUnitStarter[93572] DEBUG [io.qua.boo.cla.QuarkusClassLoader] (main) Adding elements io.quarkus.bootstrap.classloading.PathTreeClassPathElement[io.quarkus:quarkus-agroal-deployment / runtime=false resources=null] to QuarkusClassLoader Augmentation Class Loader: TEST for PaymentControllerTest (QuarkusTest)
2024-07-08 14:43:22,081 bbtmf-4ag171p4l JUnitStarter[93572] DEBUG [io.qua.boo.cla.QuarkusClassLoader] (main) Adding elements io.quarkus.bootstrap.classloading.PathTreeClassPathElement[io.quarkus:quarkus-caffeine-deployment / runtime=false resources=null] to QuarkusClassLoader Augmentation Class Loader: TEST for PaymentControllerTest (QuarkusTest)
2024-07-08 14:43:22,081 bbtmf-4ag171p4l JUnitStarter[93572] DEBUG [io.qua.boo.cla.QuarkusClassLoader] (main) Adding elements io.quarkus.bootstrap.classloading.PathTreeClassPathElement[io.quarkus.resteasy.reactive:resteasy-reactive-common-types / runtime=false resources=null] to QuarkusClassLoader Augmentation Class Loader: TEST for PaymentControllerTest (QuarkusTest)
2024-07-08 14:43:22,082 bbtmf-4ag171p4l JUnitStarter[93572] DEBUG [io.qua.boo.cla.QuarkusClassLoader] (main) Adding elements io.quarkus.bootstrap.classloading.PathTreeClassPathElement[io.quarkus.resteasy.reactive:resteasy-reactive-common / runtime=false resources=null] to QuarkusClassLoader Augmentation Class Loader: TEST for PaymentControllerTest (QuarkusTest)
2024-07-08 14:43:22,083 bbtmf-4ag171p4l JUnitStarter[93572] DEBUG [io.qua.boo.cla.QuarkusClassLoader] (main) Adding elements io.quarkus.bootstrap.classloading.PathTreeClassPathElement[io.quarkus.resteasy.reactive:resteasy-reactive / runtime=false resources=null] to QuarkusClassLoader Augmentation Class Loader: TEST for PaymentControllerTest (QuarkusTest)
2024-07-08 14:43:22,083 bbtmf-4ag171p4l JUnitStarter[93572] DEBUG [io.qua.boo.cla.QuarkusClassLoader] (main) Adding elements io.quarkus.bootstrap.classloading.PathTreeClassPathElement[io.quarkus.resteasy.reactive:resteasy-reactive-common-processor / runtime=false resources=null] to QuarkusClassLoader Augmentation Class Loader: TEST for PaymentControllerTest (QuarkusTest)
2024-07-08 14:43:22,084 bbtmf-4ag171p4l JUnitStarter[93572] DEBUG [io.qua.boo.cla.QuarkusClassLoader] (main) Adding elements io.quarkus.bootstrap.classloading.PathTreeClassPathElement[io.quarkus.resteasy.reactive:resteasy-reactive-processor / runtime=false resources=null] to QuarkusClassLoader Augmentation Class Loader: TEST for PaymentControllerTest (QuarkusTest)
2024-07-08 14:43:22,084 bbtmf-4ag171p4l JUnitStarter[93572] DEBUG [io.qua.boo.cla.QuarkusClassLoader] (main) Adding elements io.quarkus.bootstrap.classloading.PathTreeClassPathElement[io.quarkus:quarkus-rest-server-spi-deployment / runtime=false resources=null] to QuarkusClassLoader Augmentation Class Loader: TEST for PaymentControllerTest (QuarkusTest)
2024-07-08 14:43:22,084 bbtmf-4ag171p4l JUnitStarter[93572] DEBUG [io.qua.boo.cla.QuarkusClassLoader] (main) Adding elements io.quarkus.bootstrap.classloading.PathTreeClassPathElement[io.quarkus:quarkus-hibernate-orm-deployment / runtime=false resources=null] to QuarkusClassLoader Augmentation Class Loader: TEST for PaymentControllerTest (QuarkusTest)
2024-07-08 14:43:22,084 bbtmf-4ag171p4l JUnitStarter[93572] DEBUG [io.qua.boo.cla.QuarkusClassLoader] (main) Adding elements io.quarkus.bootstrap.classloading.PathTreeClassPathElement[io.quarkus:quarkus-datasource-deployment-spi / runtime=false resources=null] to QuarkusClassLoader Augmentation Class Loader: TEST for PaymentControllerTest (QuarkusTest)
2024-07-08 14:43:22,085 bbtmf-4ag171p4l JUnitStarter[93572] DEBUG [io.qua.boo.cla.QuarkusClassLoader] (main) Adding elements io.quarkus.bootstrap.classloading.PathTreeClassPathElement[io.quarkus:quarkus-devservices-h2 / runtime=false resources=null] to QuarkusClassLoader Augmentation Class Loader: TEST for PaymentControllerTest (QuarkusTest)
2024-07-08 14:43:22,085 bbtmf-4ag171p4l JUnitStarter[93572] DEBUG [io.qua.boo.cla.QuarkusClassLoader] (main) Adding elements io.quarkus.bootstrap.classloading.PathTreeClassPathElement[io.quarkus:quarkus-agroal-spi / runtime=false resources=null] to QuarkusClassLoader Augmentation Class Loader: TEST for PaymentControllerTest (QuarkusTest)
2024-07-08 14:43:22,085 bbtmf-4ag171p4l JUnitStarter[93572] DEBUG [io.qua.boo.cla.QuarkusClassLoader] (main) Adding elements io.quarkus.bootstrap.classloading.PathTreeClassPathElement[io.quarkus:quarkus-jdbc-h2-deployment / runtime=false resources=null] to QuarkusClassLoader Augmentation Class Loader: TEST for PaymentControllerTest (QuarkusTest)
2024-07-08 14:43:22,085 bbtmf-4ag171p4l JUnitStarter[93572] DEBUG [io.qua.boo.cla.QuarkusClassLoader] (main) Adding elements io.quarkus.bootstrap.classloading.PathTreeClassPathElement[io.quarkus:quarkus-jsonb-spi / runtime=false resources=null] to QuarkusClassLoader Augmentation Class Loader: TEST for PaymentControllerTest (QuarkusTest)
2024-07-08 14:43:22,085 bbtmf-4ag171p4l JUnitStarter[93572] DEBUG [io.qua.boo.cla.QuarkusClassLoader] (main) Adding elements io.quarkus.bootstrap.classloading.PathTreeClassPathElement[io.quarkus:quarkus-jsonp-deployment / runtime=false resources=null] to QuarkusClassLoader Augmentation Class Loader: TEST for PaymentControllerTest (QuarkusTest)
2024-07-08 14:43:22,085 bbtmf-4ag171p4l JUnitStarter[93572] DEBUG [io.qua.boo.cla.QuarkusClassLoader] (main) Adding elements io.quarkus.bootstrap.classloading.PathTreeClassPathElement[io.quarkus:quarkus-jsonb-deployment / runtime=false resources=null] to QuarkusClassLoader Augmentation Class Loader: TEST for PaymentControllerTest (QuarkusTest)
2024-07-08 14:43:22,085 bbtmf-4ag171p4l JUnitStarter[93572] DEBUG [io.qua.boo.cla.QuarkusClassLoader] (main) Adding elements io.quarkus.bootstrap.classloading.PathTreeClassPathElement[io.quarkus:quarkus-resteasy-jsonb-deployment / runtime=false resources=null] to QuarkusClassLoader Augmentation Class Loader: TEST for PaymentControllerTest (QuarkusTest)
2024-07-08 14:43:22,085 bbtmf-4ag171p4l JUnitStarter[93572] DEBUG [io.qua.boo.cla.QuarkusClassLoader] (main) Adding elements io.quarkus.bootstrap.classloading.PathTreeClassPathElement[org.testcontainers:database-commons / runtime=false resources=null] to QuarkusClassLoader Augmentation Class Loader: TEST for PaymentControllerTest (QuarkusTest)
2024-07-08 14:43:22,085 bbtmf-4ag171p4l JUnitStarter[93572] DEBUG [io.qua.boo.cla.QuarkusClassLoader] (main) Adding elements io.quarkus.bootstrap.classloading.PathTreeClassPathElement[org.testcontainers:jdbc / runtime=false resources=null] to QuarkusClassLoader Augmentation Class Loader: TEST for PaymentControllerTest (QuarkusTest)
2024-07-08 14:43:22,086 bbtmf-4ag171p4l JUnitStarter[93572] DEBUG [io.qua.boo.cla.QuarkusClassLoader] (main) Adding elements io.quarkus.bootstrap.classloading.PathTreeClassPathElement[org.testcontainers:postgresql / runtime=false resources=null] to QuarkusClassLoader Augmentation Class Loader: TEST for PaymentControllerTest (QuarkusTest)
2024-07-08 14:43:22,086 bbtmf-4ag171p4l JUnitStarter[93572] DEBUG [io.qua.boo.cla.QuarkusClassLoader] (main) Adding elements io.quarkus.bootstrap.classloading.PathTreeClassPathElement[com.github.docker-java:docker-java-api / runtime=false resources=null] to QuarkusClassLoader Augmentation Class Loader: TEST for PaymentControllerTest (QuarkusTest)
2024-07-08 14:43:22,087 bbtmf-4ag171p4l JUnitStarter[93572] DEBUG [io.qua.boo.cla.QuarkusClassLoader] (main) Adding elements io.quarkus.bootstrap.classloading.PathTreeClassPathElement[org.apache.commons:commons-compress / runtime=false resources=null] to QuarkusClassLoader Augmentation Class Loader: TEST for PaymentControllerTest (QuarkusTest)
2024-07-08 14:43:22,087 bbtmf-4ag171p4l JUnitStarter[93572] DEBUG [io.qua.boo.cla.QuarkusClassLoader] (main) Adding elements io.quarkus.bootstrap.classloading.PathTreeClassPathElement[org.jetbrains:annotations / runtime=false resources=null] to QuarkusClassLoader Augmentation Class Loader: TEST for PaymentControllerTest (QuarkusTest)
2024-07-08 14:43:22,087 bbtmf-4ag171p4l JUnitStarter[93572] DEBUG [io.qua.boo.cla.QuarkusClassLoader] (main) Adding elements io.quarkus.bootstrap.classloading.PathTreeClassPathElement[org.rnorth.duct-tape:duct-tape / runtime=false resources=null] to QuarkusClassLoader Augmentation Class Loader: TEST for PaymentControllerTest (QuarkusTest)
2024-07-08 14:43:22,087 bbtmf-4ag171p4l JUnitStarter[93572] DEBUG [io.qua.boo.cla.QuarkusClassLoader] (main) Adding elements io.quarkus.bootstrap.classloading.PathTreeClassPathElement[com.github.docker-java:docker-java-transport / runtime=false resources=null] to QuarkusClassLoader Augmentation Class Loader: TEST for PaymentControllerTest (QuarkusTest)
2024-07-08 14:43:22,088 bbtmf-4ag171p4l JUnitStarter[93572] DEBUG [io.qua.boo.cla.QuarkusClassLoader] (main) Adding elements io.quarkus.bootstrap.classloading.PathTreeClassPathElement[net.java.dev.jna:jna / runtime=false resources=null] to QuarkusClassLoader Augmentation Class Loader: TEST for PaymentControllerTest (QuarkusTest)
2024-07-08 14:43:22,090 bbtmf-4ag171p4l JUnitStarter[93572] DEBUG [io.qua.boo.cla.QuarkusClassLoader] (main) Adding elements io.quarkus.bootstrap.classloading.PathTreeClassPathElement[com.github.docker-java:docker-java-transport-zerodep / runtime=false resources=null] to QuarkusClassLoader Augmentation Class Loader: TEST for PaymentControllerTest (QuarkusTest)
2024-07-08 14:43:22,108 bbtmf-4ag171p4l JUnitStarter[93572] DEBUG [io.qua.boo.cla.QuarkusClassLoader] (main) Adding elements io.quarkus.bootstrap.classloading.PathTreeClassPathElement[org.testcontainers:testcontainers / runtime=false resources=null] to QuarkusClassLoader Augmentation Class Loader: TEST for PaymentControllerTest (QuarkusTest)
2024-07-08 14:43:22,108 bbtmf-4ag171p4l JUnitStarter[93572] DEBUG [io.qua.boo.cla.QuarkusClassLoader] (main) Adding elements io.quarkus.bootstrap.classloading.PathTreeClassPathElement[io.quarkus:quarkus-junit4-mock / runtime=false resources=null] to QuarkusClassLoader Augmentation Class Loader: TEST for PaymentControllerTest (QuarkusTest)
2024-07-08 14:43:22,108 bbtmf-4ag171p4l JUnitStarter[93572] DEBUG [io.qua.boo.cla.QuarkusClassLoader] (main) Adding elements io.quarkus.bootstrap.classloading.PathTreeClassPathElement[io.quarkus:quarkus-devservices-common / runtime=false resources=null] to QuarkusClassLoader Augmentation Class Loader: TEST for PaymentControllerTest (QuarkusTest)
2024-07-08 14:43:22,109 bbtmf-4ag171p4l JUnitStarter[93572] DEBUG [io.qua.boo.cla.QuarkusClassLoader] (main) Adding elements io.quarkus.bootstrap.classloading.PathTreeClassPathElement[io.quarkus:quarkus-devservices-postgresql / runtime=false resources=null] to QuarkusClassLoader Augmentation Class Loader: TEST for PaymentControllerTest (QuarkusTest)
2024-07-08 14:43:22,109 bbtmf-4ag171p4l JUnitStarter[93572] DEBUG [io.qua.boo.cla.QuarkusClassLoader] (main) Adding elements io.quarkus.bootstrap.classloading.PathTreeClassPathElement[io.quarkus:quarkus-jdbc-postgresql-deployment / runtime=false resources=null] to QuarkusClassLoader Augmentation Class Loader: TEST for PaymentControllerTest (QuarkusTest)
2024-07-08 14:43:22,109 bbtmf-4ag171p4l JUnitStarter[93572] DEBUG [io.qua.boo.cla.QuarkusClassLoader] (main) Adding elements io.quarkus.bootstrap.classloading.PathTreeClassPathElement[io.quarkus:quarkus-smallrye-openapi-spi / runtime=false resources=null] to QuarkusClassLoader Augmentation Class Loader: TEST for PaymentControllerTest (QuarkusTest)
2024-07-08 14:43:22,109 bbtmf-4ag171p4l JUnitStarter[93572] DEBUG [io.qua.boo.cla.QuarkusClassLoader] (main) Adding elements io.quarkus.bootstrap.classloading.PathTreeClassPathElement[io.quarkus:quarkus-smallrye-openapi-common-deployment / runtime=false resources=null] to QuarkusClassLoader Augmentation Class Loader: TEST for PaymentControllerTest (QuarkusTest)
2024-07-08 14:43:22,110 bbtmf-4ag171p4l JUnitStarter[93572] DEBUG [io.qua.boo.cla.QuarkusClassLoader] (main) Adding elements io.quarkus.bootstrap.classloading.PathTreeClassPathElement[io.smallrye:smallrye-open-api-jaxrs / runtime=false resources=null] to QuarkusClassLoader Augmentation Class Loader: TEST for PaymentControllerTest (QuarkusTest)
2024-07-08 14:43:22,110 bbtmf-4ag171p4l JUnitStarter[93572] DEBUG [io.qua.boo.cla.QuarkusClassLoader] (main) Adding elements io.quarkus.bootstrap.classloading.PathTreeClassPathElement[io.smallrye:smallrye-open-api-spring / runtime=false resources=null] to QuarkusClassLoader Augmentation Class Loader: TEST for PaymentControllerTest (QuarkusTest)
2024-07-08 14:43:22,110 bbtmf-4ag171p4l JUnitStarter[93572] DEBUG [io.qua.boo.cla.QuarkusClassLoader] (main) Adding elements io.quarkus.bootstrap.classloading.PathTreeClassPathElement[io.smallrye:smallrye-open-api-vertx / runtime=false resources=null] to QuarkusClassLoader Augmentation Class Loader: TEST for PaymentControllerTest (QuarkusTest)
2024-07-08 14:43:22,111 bbtmf-4ag171p4l JUnitStarter[93572] DEBUG [io.qua.boo.cla.QuarkusClassLoader] (main) Adding elements io.quarkus.bootstrap.classloading.PathTreeClassPathElement[io.quarkus:quarkus-smallrye-openapi-deployment / runtime=false resources=null] to QuarkusClassLoader Augmentation Class Loader: TEST for PaymentControllerTest (QuarkusTest)
2024-07-08 14:43:22,111 bbtmf-4ag171p4l JUnitStarter[93572] DEBUG [io.qua.boo.cla.QuarkusClassLoader] (main) Adding elements io.quarkus.bootstrap.classloading.PathTreeClassPathElement[io.smallrye:smallrye-open-api-ui / runtime=false resources=null] to QuarkusClassLoader Augmentation Class Loader: TEST for PaymentControllerTest (QuarkusTest)
2024-07-08 14:43:22,111 bbtmf-4ag171p4l JUnitStarter[93572] DEBUG [io.qua.boo.cla.QuarkusClassLoader] (main) Adding elements io.quarkus.bootstrap.classloading.PathTreeClassPathElement[io.quarkus:quarkus-swagger-ui-deployment / runtime=false resources=null] to QuarkusClassLoader Augmentation Class Loader: TEST for PaymentControllerTest (QuarkusTest)
2024-07-08 14:43:22,424 bbtmf-4ag171p4l JUnitStarter[93572] DEBUG [io.qua.boo.cla.QuarkusClassLoader] (main) Adding elements io.quarkus.bootstrap.classloading.PathTreeClassPathElement[/home/wsl/git/card-payment-api/target/test-classes runtime=true resources=null] to QuarkusClassLoader Deployment Class Loader: TEST for PaymentControllerTest (QuarkusTest)
2024-07-08 14:43:22,425 bbtmf-4ag171p4l JUnitStarter[93572] DEBUG [io.qua.boo.cla.QuarkusClassLoader] (main) Adding elements io.quarkus.bootstrap.classloading.PathTreeClassPathElement[/home/wsl/git/card-payment-api/target/classes runtime=true resources=null] to QuarkusClassLoader Deployment Class Loader: TEST for PaymentControllerTest (QuarkusTest)
2024-07-08 14:43:22,437 bbtmf-4ag171p4l JUnitStarter[93572] DEBUG [io.qua.dep.QuarkusAugmentor] (main) Beginning Quarkus augmentation
2024-07-08 14:43:22,988 bbtmf-4ag171p4l JUnitStarter[93572] DEBUG [io.sma.config] (main) SRCFG01006: Loaded ConfigSource SysPropConfigSource with ordinal 400
2024-07-08 14:43:22,989 bbtmf-4ag171p4l JUnitStarter[93572] DEBUG [io.sma.config] (main) SRCFG01006: Loaded ConfigSource EnvConfigSource with ordinal 300
2024-07-08 14:43:22,989 bbtmf-4ag171p4l JUnitStarter[93572] DEBUG [io.sma.config] (main) SRCFG01006: Loaded ConfigSource PropertiesConfigSource[source=file:/home/wsl/git/card-payment-api/target/classes/application.properties] with ordinal 250
2024-07-08 14:43:22,989 bbtmf-4ag171p4l JUnitStarter[93572] DEBUG [io.sma.config] (main) SRCFG01006: Loaded ConfigSource PropertiesConfigSource[source=Build system] with ordinal 100
2024-07-08 14:43:22,989 bbtmf-4ag171p4l JUnitStarter[93572] DEBUG [io.sma.config] (main) SRCFG01006: Loaded ConfigSource null:null:ServletConfigSource with ordinal 60
2024-07-08 14:43:22,989 bbtmf-4ag171p4l JUnitStarter[93572] DEBUG [io.sma.config] (main) SRCFG01006: Loaded ConfigSource null:null:FilterConfigSource with ordinal 50
2024-07-08 14:43:22,989 bbtmf-4ag171p4l JUnitStarter[93572] DEBUG [io.sma.config] (main) SRCFG01006: Loaded ConfigSource null:ServletContextConfigSource with ordinal 40
2024-07-08 14:43:22,990 bbtmf-4ag171p4l JUnitStarter[93572] DEBUG [io.sma.config] (main) SRCFG01006: Loaded ConfigSource Quarkus platform with ordinal -2147482648
2024-07-08 14:43:22,990 bbtmf-4ag171p4l JUnitStarter[93572] DEBUG [io.sma.config] (main) SRCFG01006: Loaded ConfigSource test URL provider with ordinal -2147482648
2024-07-08 14:43:22,990 bbtmf-4ag171p4l JUnitStarter[93572] DEBUG [io.sma.config] (main) SRCFG01006: Loaded ConfigSource default values with ordinal -2147483648
2024-07-08 14:43:22,990 bbtmf-4ag171p4l JUnitStarter[93572] DEBUG [io.sma.config] (main) SRCFG01006: Loaded ConfigSource default values with ordinal -2147483648
2024-07-08 14:43:22,990 bbtmf-4ag171p4l JUnitStarter[93572] DEBUG [io.sma.config] (main) SRCFG01006: Loaded ConfigSource DefaultValuesConfigSource with ordinal -2147483648
2024-07-08 14:43:23,345 bbtmf-4ag171p4l JUnitStarter[93572] DEBUG [io.sma.config] (main) SRCFG01006: Loaded ConfigSource Profiles with ordinal 2147483647
2024-07-08 14:43:23,346 bbtmf-4ag171p4l JUnitStarter[93572] DEBUG [io.sma.config] (main) SRCFG01006: Loaded ConfigSource PropertiesConfigSource[source=file:/home/wsl/git/card-payment-api/target/classes/application.properties] with ordinal 250
2024-07-08 14:43:23,346 bbtmf-4ag171p4l JUnitStarter[93572] DEBUG [io.sma.config] (main) SRCFG01006: Loaded ConfigSource null:null:ServletConfigSource with ordinal 60
2024-07-08 14:43:23,347 bbtmf-4ag171p4l JUnitStarter[93572] DEBUG [io.sma.config] (main) SRCFG01006: Loaded ConfigSource null:null:FilterConfigSource with ordinal 50
2024-07-08 14:43:23,347 bbtmf-4ag171p4l JUnitStarter[93572] DEBUG [io.sma.config] (main) SRCFG01006: Loaded ConfigSource null:ServletContextConfigSource with ordinal 40
2024-07-08 14:43:23,347 bbtmf-4ag171p4l JUnitStarter[93572] DEBUG [io.sma.config] (main) SRCFG01006: Loaded ConfigSource Quarkus platform with ordinal -2147482648
2024-07-08 14:43:23,347 bbtmf-4ag171p4l JUnitStarter[93572] DEBUG [io.sma.config] (main) SRCFG01006: Loaded ConfigSource test URL provider with ordinal -2147482648
2024-07-08 14:43:23,348 bbtmf-4ag171p4l JUnitStarter[93572] DEBUG [io.sma.config] (main) SRCFG01006: Loaded ConfigSource default values with ordinal -2147483648
2024-07-08 14:43:23,348 bbtmf-4ag171p4l JUnitStarter[93572] DEBUG [io.sma.config] (main) SRCFG01006: Loaded ConfigSource default values with ordinal -2147483648
2024-07-08 14:43:23,348 bbtmf-4ag171p4l JUnitStarter[93572] DEBUG [io.sma.config] (main) SRCFG01006: Loaded ConfigSource DefaultValuesConfigSource with ordinal -2147483648
2024-07-08 14:43:23,348 bbtmf-4ag171p4l JUnitStarter[93572] DEBUG [io.sma.config] (main) SRCFG01006: Loaded ConfigSource DefaultValuesConfigSource with ordinal -2147483648
2024-07-08 14:43:23,378 bbtmf-4ag171p4l JUnitStarter[93572] DEBUG [io.sma.config] (main) SRCFG01006: Loaded ConfigSource SourceProperties with ordinal 100
2024-07-08 14:43:23,378 bbtmf-4ag171p4l JUnitStarter[93572] DEBUG [io.sma.config] (main) SRCFG01006: Loaded ConfigSource DefaultValuesConfigSource with ordinal -2147483648
2024-07-08 14:43:23,387 bbtmf-4ag171p4l JUnitStarter[93572] DEBUG [io.sma.config] (main) SRCFG01006: Loaded ConfigSource Reset Profile with ordinal 2147483647
2024-07-08 14:43:23,387 bbtmf-4ag171p4l JUnitStarter[93572] DEBUG [io.sma.config] (main) SRCFG01006: Loaded ConfigSource SourceProperties with ordinal 100
2024-07-08 14:43:23,387 bbtmf-4ag171p4l JUnitStarter[93572] DEBUG [io.sma.config] (main) SRCFG01006: Loaded ConfigSource DefaultValuesConfigSource with ordinal -2147483648
2024-07-08 14:43:24,009 bbtmf-4ag171p4l JUnitStarter[93572] DEBUG [io.qua.deployment] (main) Build steps with ambiguous name detected: io.quarkus.vertx.core.deployment.VertxCoreProcessor#build, using discriminator suffix for step id: io.quarkus.vertx.core.deployment.VertxCoreProcessor#build_68c59e5d5fe4deeaa2b750dd2b2f234cee36c063
2024-07-08 14:43:24,009 bbtmf-4ag171p4l JUnitStarter[93572] DEBUG [io.qua.deployment] (main) Build steps with ambiguous name detected: io.quarkus.vertx.core.deployment.VertxCoreProcessor#build, using discriminator suffix for step id: io.quarkus.vertx.core.deployment.VertxCoreProcessor#build_9d6b7122fb368970c50c3a870d1f672392cd8afb
2024-07-08 14:43:24,119 bbtmf-4ag171p4l JUnitStarter[93572] DEBUG [io.qua.deployment] (main) Build steps with ambiguous name detected: io.quarkus.hibernate.orm.panache.common.deployment.PanacheJpaCommonResourceProcessor#lookupNamedQueries, using discriminator suffix for step id: io.quarkus.hibernate.orm.panache.common.deployment.PanacheJpaCommonResourceProcessor#lookupNamedQueries_5a86a91ed8ef1aa483288c8239df231983eeb766
2024-07-08 14:43:24,142 bbtmf-4ag171p4l JUnitStarter[93572] DEBUG [io.qua.deployment] (main) Build steps with ambiguous name detected: io.quarkus.hibernate.orm.deployment.HibernateOrmProcessor#build, using discriminator suffix for step id: io.quarkus.hibernate.orm.deployment.HibernateOrmProcessor#build_7a4403d699506d83ac39616f3c11e5e1b448d863
2024-07-08 14:43:24,143 bbtmf-4ag171p4l JUnitStarter[93572] DEBUG [io.qua.deployment] (main) Build steps with ambiguous name detected: io.quarkus.hibernate.orm.deployment.HibernateOrmProcessor#build, using discriminator suffix for step id: io.quarkus.hibernate.orm.deployment.HibernateOrmProcessor#build_d182d2fe7ae008890806ec353e99fa052582ee2d
2024-07-08 14:43:24,344 bbtmf-4ag171p4l JUnitStarter[93572] DEBUG [io.qua.net.dep.NettyProcessor] (build-46) Not registering Netty native epoll classes as they were not found
2024-07-08 14:43:24,345 bbtmf-4ag171p4l JUnitStarter[93572] DEBUG [io.qua.net.dep.NettyProcessor] (build-46) Not registering Netty native kqueue classes as they were not found
2024-07-08 14:43:24,413 bbtmf-4ag171p4l JUnitStarter[93572] DEBUG [io.qua.dep.ste.ApplicationIndexBuildStep] (build-32) Indexing /home/wsl/git/card-payment-api/target/test-classes/io/github/lucasthehacker/apipagamentocartao/api/controller/PaymentControllerTest.class
2024-07-08 14:43:24,454 bbtmf-4ag171p4l JUnitStarter[93572] DEBUG [io.qua.dep.ste.NativeImageConfigBuildStep] (build-36) Native SSL support enabled due to extensions [agroal] requiring it
2024-07-08 14:43:24,468 bbtmf-4ag171p4l JUnitStarter[93572] DEBUG [io.qua.dep.ste.ApplicationIndexBuildStep] (build-32) Indexing /home/wsl/git/card-payment-api/target/classes/io/github/lucasthehacker/apipagamentocartao/api/controller/PaymentController.class
2024-07-08 14:43:24,471 bbtmf-4ag171p4l JUnitStarter[93572] DEBUG [io.qua.hib.orm.run.ser.FlatClassLoaderService] (build-45) locateResources (plural form) was invoked for resource 'META-INF/persistence.xml'. Is there a real need for this plural form?
2024-07-08 14:43:24,476 bbtmf-4ag171p4l JUnitStarter[93572] DEBUG [io.qua.dep.ste.ApplicationIndexBuildStep] (build-32) Indexing /home/wsl/git/card-payment-api/target/classes/io/github/lucasthehacker/apipagamentocartao/api/definition/CardPaymentApiDefinition.class
2024-07-08 14:43:24,479 bbtmf-4ag171p4l JUnitStarter[93572] DEBUG [io.qua.dep.ste.ApplicationIndexBuildStep] (build-32) Indexing /home/wsl/git/card-payment-api/target/classes/io/github/lucasthehacker/apipagamentocartao/persistence/mappers/ICardPaymentMapper.class
2024-07-08 14:43:24,480 bbtmf-4ag171p4l JUnitStarter[93572] DEBUG [io.qua.dep.ste.ApplicationIndexBuildStep] (build-32) Indexing /home/wsl/git/card-payment-api/target/classes/io/github/lucasthehacker/apipagamentocartao/persistence/entitity/CardPaymentEntity.class
2024-07-08 14:43:24,496 bbtmf-4ag171p4l JUnitStarter[93572] DEBUG [io.qua.dep.ste.ApplicationIndexBuildStep] (build-32) Indexing /home/wsl/git/card-payment-api/target/classes/io/github/lucasthehacker/apipagamentocartao/persistence/repository/CardPaymentRepository.class
2024-07-08 14:43:24,499 bbtmf-4ag171p4l JUnitStarter[93572] DEBUG [io.qua.dep.ste.ApplicationIndexBuildStep] (build-32) Indexing /home/wsl/git/card-payment-api/target/classes/io/github/lucasthehacker/apipagamentocartao/persistence/dao/CardPaymentDao.class
2024-07-08 14:43:24,501 bbtmf-4ag171p4l JUnitStarter[93572] DEBUG [io.qua.dep.ste.ApplicationIndexBuildStep] (build-32) Indexing /home/wsl/git/card-payment-api/target/classes/io/github/lucasthehacker/apipagamentocartao/persistence/Teste.class
2024-07-08 14:43:24,502 bbtmf-4ag171p4l JUnitStarter[93572] DEBUG [io.qua.dep.ste.ApplicationIndexBuildStep] (build-32) Indexing /home/wsl/git/card-payment-api/target/classes/io/github/lucasthehacker/apipagamentocartao/domain/dtos/PaymentRequestDto.class
2024-07-08 14:43:24,504 bbtmf-4ag171p4l JUnitStarter[93572] DEBUG [io.qua.dep.ste.ApplicationIndexBuildStep] (build-32) Indexing /home/wsl/git/card-payment-api/target/classes/io/github/lucasthehacker/apipagamentocartao/domain/interfaces/validation/IFieldTypeValidation.class
2024-07-08 14:43:24,505 bbtmf-4ag171p4l JUnitStarter[93572] DEBUG [io.qua.dep.ste.ApplicationIndexBuildStep] (build-32) Indexing /home/wsl/git/card-payment-api/target/classes/io/github/lucasthehacker/apipagamentocartao/domain/interfaces/validation/ICardPaymentValidation.class
2024-07-08 14:43:24,507 bbtmf-4ag171p4l JUnitStarter[93572] DEBUG [io.qua.dep.ste.ApplicationIndexBuildStep] (build-32) Indexing /home/wsl/git/card-payment-api/target/classes/io/github/lucasthehacker/apipagamentocartao/domain/interfaces/repository/ICardPaymentRepository.class
2024-07-08 14:43:24,507 bbtmf-4ag171p4l JUnitStarter[93572] DEBUG [io.qua.dep.ste.ApplicationIndexBuildStep] (build-32) Indexing /home/wsl/git/card-payment-api/target/classes/io/github/lucasthehacker/apipagamentocartao/domain/validation/CardPaymentValidation.class
2024-07-08 14:43:24,509 bbtmf-4ag171p4l JUnitStarter[93572] DEBUG [io.qua.dep.ste.ApplicationIndexBuildStep] (build-32) Indexing /home/wsl/git/card-payment-api/target/classes/io/github/lucasthehacker/apipagamentocartao/domain/models/CardPaymentModel.class
2024-07-08 14:43:24,512 bbtmf-4ag171p4l JUnitStarter[93572] DEBUG [io.qua.dep.ste.ApplicationIndexBuildStep] (build-32) Indexing /home/wsl/git/card-payment-api/target/classes/io/github/lucasthehacker/apipagamentocartao/domain/exceptions/CardPaymentApiException.class
2024-07-08 14:43:24,513 bbtmf-4ag171p4l JUnitStarter[93572] DEBUG [io.qua.dep.ste.ApplicationIndexBuildStep] (build-32) Indexing /home/wsl/git/card-payment-api/target/classes/io/github/lucasthehacker/apipagamentocartao/domain/enums/TipoPessoa.class
2024-07-08 14:43:24,538 bbtmf-4ag171p4l JUnitStarter[93572] DEBUG [io.net.uti.int.PlatformDependent0] (build-42) -Dio.netty.noUnsafe: false
2024-07-08 14:43:24,538 bbtmf-4ag171p4l JUnitStarter[93572] DEBUG [io.net.uti.int.PlatformDependent0] (build-42) Java version: 17
2024-07-08 14:43:24,539 bbtmf-4ag171p4l JUnitStarter[93572] DEBUG [io.net.uti.int.PlatformDependent0] (build-42) sun.misc.Unsafe.theUnsafe: available
2024-07-08 14:43:24,540 bbtmf-4ag171p4l JUnitStarter[93572] DEBUG [io.net.uti.int.PlatformDependent0] (build-42) sun.misc.Unsafe.copyMemory: available
2024-07-08 14:43:24,541 bbtmf-4ag171p4l JUnitStarter[93572] DEBUG [io.net.uti.int.PlatformDependent0] (build-42) sun.misc.Unsafe.storeFence: available
2024-07-08 14:43:24,541 bbtmf-4ag171p4l JUnitStarter[93572] DEBUG [io.net.uti.int.PlatformDependent0] (build-42) java.nio.Buffer.address: available
2024-07-08 14:43:24,542 bbtmf-4ag171p4l JUnitStarter[93572] DEBUG [io.net.uti.int.PlatformDependent0] (build-42) direct buffer constructor: unavailable: Reflective setAccessible(true) disabled
2024-07-08 14:43:24,543 bbtmf-4ag171p4l JUnitStarter[93572] DEBUG [io.net.uti.int.PlatformDependent0] (build-42) java.nio.Bits.unaligned: available, true
2024-07-08 14:43:24,546 bbtmf-4ag171p4l JUnitStarter[93572] DEBUG [io.net.uti.int.PlatformDependent0] (build-42) jdk.internal.misc.Unsafe.allocateUninitializedArray(int): unavailable: class io.netty.util.internal.PlatformDependent0$7 cannot access class jdk.internal.misc.Unsafe (in module java.base) because module java.base does not export jdk.internal.misc to unnamed module @2c88b9fc
2024-07-08 14:43:24,548 bbtmf-4ag171p4l JUnitStarter[93572] DEBUG [io.net.uti.int.PlatformDependent0] (build-42) java.nio.DirectByteBuffer.<init>(long, {int,long}): unavailable
2024-07-08 14:43:24,548 bbtmf-4ag171p4l JUnitStarter[93572] DEBUG [io.net.uti.int.PlatformDependent] (build-42) sun.misc.Unsafe: available
2024-07-08 14:43:24,549 bbtmf-4ag171p4l JUnitStarter[93572] DEBUG [io.net.uti.int.PlatformDependent] (build-42) -Dio.netty.tmpdir: /tmp (java.io.tmpdir)
2024-07-08 14:43:24,549 bbtmf-4ag171p4l JUnitStarter[93572] DEBUG [io.net.uti.int.PlatformDependent] (build-42) -Dio.netty.bitMode: 64 (sun.arch.data.model)
2024-07-08 14:43:24,550 bbtmf-4ag171p4l JUnitStarter[93572] DEBUG [io.net.uti.int.PlatformDependent] (build-42) -Dio.netty.maxDirectMemory: -1 bytes
2024-07-08 14:43:24,550 bbtmf-4ag171p4l JUnitStarter[93572] DEBUG [io.net.uti.int.PlatformDependent] (build-42) -Dio.netty.uninitializedArrayAllocationThreshold: -1
2024-07-08 14:43:24,552 bbtmf-4ag171p4l JUnitStarter[93572] DEBUG [io.net.uti.int.CleanerJava9] (build-42) java.nio.ByteBuffer.cleaner(): available
2024-07-08 14:43:24,552 bbtmf-4ag171p4l JUnitStarter[93572] DEBUG [io.net.uti.int.PlatformDependent] (build-42) -Dio.netty.noPreferDirect: false
2024-07-08 14:43:24,788 bbtmf-4ag171p4l JUnitStarter[93572] DEBUG [io.qua.dep.index] (build-3) Index class: io.quarkus.hibernate.orm.PersistenceUnit
2024-07-08 14:43:24,791 bbtmf-4ag171p4l JUnitStarter[93572] DEBUG [io.qua.dep.index] (build-3) Index annotation: java.lang.annotation.Repeatable
2024-07-08 14:43:24,791 bbtmf-4ag171p4l JUnitStarter[93572] DEBUG [io.qua.dep.index] (build-3) Index class: java.lang.annotation.Repeatable
2024-07-08 14:43:24,792 bbtmf-4ag171p4l JUnitStarter[93572] DEBUG [io.qua.dep.index] (build-3) Index annotation: java.lang.annotation.Documented
2024-07-08 14:43:24,792 bbtmf-4ag171p4l JUnitStarter[93572] DEBUG [io.qua.dep.index] (build-3) Index class: java.lang.annotation.Documented
2024-07-08 14:43:24,792 bbtmf-4ag171p4l JUnitStarter[93572] DEBUG [io.qua.dep.index] (build-3) Index annotation: java.lang.annotation.Target
2024-07-08 14:43:24,792 bbtmf-4ag171p4l JUnitStarter[93572] DEBUG [io.qua.dep.index] (build-3) Index class: java.lang.annotation.Target
2024-07-08 14:43:24,793 bbtmf-4ag171p4l JUnitStarter[93572] DEBUG [io.qua.dep.index] (build-3) Index annotation: java.lang.annotation.Retention
2024-07-08 14:43:24,793 bbtmf-4ag171p4l JUnitStarter[93572] DEBUG [io.qua.dep.index] (build-3) Index class: java.lang.annotation.Retention
2024-07-08 14:43:24,793 bbtmf-4ag171p4l JUnitStarter[93572] DEBUG [io.qua.dep.index] (build-3) Index annotation: jakarta.inject.Qualifier
2024-07-08 14:43:24,794 bbtmf-4ag171p4l JUnitStarter[93572] DEBUG [io.qua.dep.index] (build-3) Index class: jakarta.inject.Qualifier
2024-07-08 14:43:24,794 bbtmf-4ag171p4l JUnitStarter[93572] DEBUG [io.qua.dep.index] (build-3) Index class: java.util.Map
2024-07-08 14:43:24,796 bbtmf-4ag171p4l JUnitStarter[93572] DEBUG [io.qua.dep.index] (build-3) Index annotation: java.lang.SafeVarargs
2024-07-08 14:43:24,796 bbtmf-4ag171p4l JUnitStarter[93572] DEBUG [io.qua.dep.index] (build-3) Index class: java.lang.SafeVarargs
2024-07-08 14:43:24,796 bbtmf-4ag171p4l JUnitStarter[93572] DEBUG [io.qua.dep.index] (build-3) Index class: java.lang.Object
2024-07-08 14:43:24,797 bbtmf-4ag171p4l JUnitStarter[93572] DEBUG [io.qua.dep.index] (build-3) Index annotation: jdk.internal.vm.annotation.IntrinsicCandidate
2024-07-08 14:43:24,797 bbtmf-4ag171p4l JUnitStarter[93572] DEBUG [io.qua.dep.index] (build-3) Index class: jdk.internal.vm.annotation.IntrinsicCandidate
2024-07-08 14:43:24,797 bbtmf-4ag171p4l JUnitStarter[93572] DEBUG [io.qua.dep.index] (build-3) Index annotation: java.lang.Deprecated
2024-07-08 14:43:24,797 bbtmf-4ag171p4l JUnitStarter[93572] DEBUG [io.qua.dep.index] (build-3) Index class: java.lang.Deprecated
2024-07-08 14:43:24,797 bbtmf-4ag171p4l JUnitStarter[93572] DEBUG [io.qua.dep.index] (build-3) Index class: java.util.Collection
2024-07-08 14:43:24,803 bbtmf-4ag171p4l JUnitStarter[93572] DEBUG [io.qua.dep.index] (build-32) Index annotation: jakarta.persistence.Id
2024-07-08 14:43:24,803 bbtmf-4ag171p4l JUnitStarter[93572] DEBUG [io.qua.dep.index] (build-32) Index class: jakarta.persistence.Id
2024-07-08 14:43:24,804 bbtmf-4ag171p4l JUnitStarter[93572] DEBUG [io.qua.dep.index] (build-32) Index annotation: jakarta.persistence.MappedSuperclass
2024-07-08 14:43:24,804 bbtmf-4ag171p4l JUnitStarter[93572] DEBUG [io.qua.dep.index] (build-32) Index class: jakarta.persistence.MappedSuperclass
2024-07-08 14:43:24,805 bbtmf-4ag171p4l JUnitStarter[93572] DEBUG [io.qua.dep.index] (build-32) Index annotation: jakarta.persistence.GeneratedValue
2024-07-08 14:43:24,805 bbtmf-4ag171p4l JUnitStarter[93572] DEBUG [io.qua.dep.index] (build-32) Index class: jakarta.persistence.GeneratedValue
2024-07-08 14:43:24,806 bbtmf-4ag171p4l JUnitStarter[93572] DEBUG [io.qua.dep.index] (build-32) Index annotation: com.fasterxml.jackson.annotation.JsonIgnore
2024-07-08 14:43:24,806 bbtmf-4ag171p4l JUnitStarter[93572] DEBUG [io.qua.dep.index] (build-32) Index class: com.fasterxml.jackson.annotation.JsonIgnore
2024-07-08 14:43:24,806 bbtmf-4ag171p4l JUnitStarter[93572] DEBUG [io.qua.dep.index] (build-32) Index annotation: com.fasterxml.jackson.annotation.JacksonAnnotation
2024-07-08 14:43:24,806 bbtmf-4ag171p4l JUnitStarter[93572] DEBUG [io.qua.dep.index] (build-32) Index class: com.fasterxml.jackson.annotation.JacksonAnnotation
2024-07-08 14:43:24,806 bbtmf-4ag171p4l JUnitStarter[93572] DEBUG [io.qua.dep.index] (build-32) Index annotation: jakarta.json.bind.annotation.JsonbTransient
2024-07-08 14:43:24,806 bbtmf-4ag171p4l JUnitStarter[93572] DEBUG [io.qua.dep.index] (build-32) Index class: jakarta.json.bind.annotation.JsonbTransient
2024-07-08 14:43:24,807 bbtmf-4ag171p4l JUnitStarter[93572] DEBUG [io.qua.dep.index] (build-32) Index annotation: jakarta.json.bind.annotation.JsonbAnnotation
2024-07-08 14:43:24,807 bbtmf-4ag171p4l JUnitStarter[93572] DEBUG [io.qua.dep.index] (build-32) Index class: jakarta.json.bind.annotation.JsonbAnnotation
2024-07-08 14:43:24,807 bbtmf-4ag171p4l JUnitStarter[93572] DEBUG [io.qua.dep.index] (build-32) Index annotation: io.quarkus.panache.common.impl.GenerateBridge
2024-07-08 14:43:24,807 bbtmf-4ag171p4l JUnitStarter[93572] DEBUG [io.qua.dep.index] (build-32) Index class: io.quarkus.panache.common.impl.GenerateBridge
2024-07-08 14:43:24,819 bbtmf-4ag171p4l JUnitStarter[93572] DEBUG [io.qua.dep.ind.IndexWrapper] (build-23) Index: java.lang.Integer
2024-07-08 14:43:24,821 bbtmf-4ag171p4l JUnitStarter[93572] DEBUG [io.qua.dep.ind.IndexWrapper] (build-23) Index: java.lang.String
